# Started at: 2022-04-08 20:32:44 +0000, Version: v0.1-177-gf3f14d1, Generated by: thermobench --verbose --time=10 --wait=50 --wait-timeout=60 --sensors_file=/root/thermobench/src/sensors.imx8 --cpu-usage --column=CPU0_work_done --column=CPU1_work_done --column=CPU2_work_done --column=CPU3_work_done --column=CPU4_work_done --column=CPU5_work_done --output=/root/JSA/power_experiment/measurements/imx8b/all//inst_0589.json.yaml.csv -- demos-sched -p per_process -c /root/JSA/power_experiment/demos_configurations/imx8b/all//inst_0589.json.yaml
time/ms,CPU_0_temp/m°C,CPU_1_temp/m°C,GPU_0_temp/m°C,GPU_1_temp/m°C,DRC_temp/m°C,PMIC_temp/m°C,Cortex_A53_0_freq/Hz,Cortex_A53_1_freq/Hz,Cortex_A53_2_freq/Hz,Cortex_A53_3_freq/Hz,Cortex_A72_0_freq/Hz,Cortex_A72_1_freq/Hz,ambient,energy,cam_cpu,cam_mem,heat_sources,CPU0_work_done,CPU1_work_done,CPU2_work_done,CPU3_work_done,CPU4_work_done,CPU5_work_done,CPU0_load/%,CPU1_load/%,CPU2_load/%,CPU3_load/%,CPU4_load/%,CPU5_load/%
1.09373,49700,49300,49700,48500,48900,70000,600000,600000,600000,600000,1.056e+06,1.056e+06,,,,,,,,,,,,50,0,0,0,0,50
212.111,,,,,,,,,,,,,,,,,,0,,,,,,,,,,,
993.831,49500,48900,49500,48300,48700,70000,896000,896000,896000,896000,600000,600000,24.622,666932.413,,,,,,,,,,30.6122,6.12245,1.0101,9,0,7
1993.52,49500,48900,49300,47900,48700,70000,896000,896000,896000,896000,600000,600000,,666938.047,,,,,,,,,,30.303,0,0,8,0,8.91089
2994.51,49100,48900,49100,47700,48500,70000,896000,896000,896000,896000,600000,600000,,666943.646,,,,,,,,,,31.6832,6.79612,0,7,1,6.06061
3993.85,48900,48500,48900,47900,48100,70000,896000,896000,896000,896000,600000,600000,,666949.278,,,,,,,,,,31.6832,9.09091,1.9802,7.92079,0,3
4993.77,48900,48500,48700,47500,48300,70000,896000,896000,896000,896000,600000,600000,,666954.901,,,,,,,,,,31,6,0,0,0,7.21649
5994.43,48700,48500,48700,47500,48300,70000,896000,896000,896000,896000,600000,600000,,666960.498,,,,,,,,,,30.303,6.06061,0,0,0,9.90099
6994.45,48700,48300,48700,47500,48100,70000,896000,896000,896000,896000,600000,600000,,666966.103,,,,,,,,,,32,12.8713,0,0,0,8
7993.82,48700,48500,49100,47500,47900,70000,896000,896000,896000,896000,600000,600000,,666971.693,,,,,,,,,,30.303,3.9604,5.05051,0.990099,0,8.08081
8994.05,48700,48100,48700,47200,47900,70000,896000,896000,896000,896000,600000,600000,,666977.327,,,,,,,,,,31.3725,3,3,1,4.9505,5
9994.22,48700,48300,48700,47200,47900,70000,896000,896000,896000,896000,600000,600000,,666982.951,,,,,,,,,,34.3434,6,0,0,1,9.09091
