# Started at: 2022-04-12 17:44:29 +0000, Version: v0.1-177-gf3f14d1, Generated by: thermobench --verbose --fan-cmd=fan --fan-on=0 --time=10 --wait=50 --wait-timeout=60 --sensors_file=/root/thermobench/src/sensors.imx8 --cpu-usage --column=CPU0_work_done --column=CPU1_work_done --column=CPU2_work_done --column=CPU3_work_done --column=CPU4_work_done --column=CPU5_work_done --output=/root/JSA/power_experiment/measurements/imx8a/cpu//inst_0364.json.yaml.csv -- demos-sched -p per_process -c /root/JSA/power_experiment/demos_configurations/imx8a/cpu//inst_0364.json.yaml
time/ms,CPU_0_temp/m°C,CPU_1_temp/m°C,GPU_0_temp/m°C,GPU_1_temp/m°C,DRC_temp/m°C,PMIC_temp/m°C,Cortex_A53_0_freq/Hz,Cortex_A53_1_freq/Hz,Cortex_A53_2_freq/Hz,Cortex_A53_3_freq/Hz,Cortex_A72_0_freq/Hz,Cortex_A72_1_freq/Hz,ambient,energy,cam_cpu,cam_mem,heat_sources,CPU0_work_done,CPU1_work_done,CPU2_work_done,CPU3_work_done,CPU4_work_done,CPU5_work_done,CPU0_load/%,CPU1_load/%,CPU2_load/%,CPU3_load/%,CPU4_load/%,CPU5_load/%
1.09928,39100,39900,40100,38500,38300,70000,896000,896000,896000,896000,1.056e+06,1.056e+06,,,,,,,,,,,,0,0,0,0,0,0
507.501,,,,,,,,,,,,,,,,,,,,,,0,,,,,,,
994.191,39100,40100,40300,38700,38500,70000,600000,600000,600000,600000,600000,600000,26.402,597066.207,,,,,,,,,,3.0303,8.08081,0,9.18367,47.4747,1
1993.9,39100,39700,39900,38300,38300,70000,600000,600000,600000,600000,600000,600000,,597072.111,,,,,,,,,,0,0,0,0,49.0196,0
2994.24,38900,39700,39900,38300,38700,70000,600000,600000,600000,600000,600000,600000,,597078.073,,,,,,,,,,0,0,0,0,48,0
3994.41,38700,39700,39900,37900,38300,70000,600000,600000,600000,600000,600000,600000,,597084.000,,,,,,,,,,0,0,0,0,48.4848,0.990099
4994.47,38900,39700,39900,38300,38300,70000,600000,600000,600000,600000,600000,600000,,597089.959,,,,,,,,,,0,0,0,0,48,1
5994.15,38900,39500,39900,38300,38300,70000,600000,600000,600000,600000,600000,600000,,597095.934,,,,,,,,,,0,0,0,0,49.0196,0.990099
6994.01,38900,39700,39900,38300,38300,70000,600000,600000,600000,600000,600000,600000,,597101.858,,,,,,,,,,0,0,0,0,48.4848,0
7994.11,39100,39900,40300,38700,38700,70000,600000,600000,600000,600000,600000,600000,,597107.762,,,,,,,,,,0,0.990099,0,0,48,0
8547.07,,,,,,,,,,,,,,,,,,,,,,1,,,,,,,
8993.7,39300,39700,40300,38700,38700,70000,600000,600000,600000,600000,600000,600000,,597113.708,,,,,,,,,,0,0,0,0,48.4848,0
9994.26,39300,40100,40300,38700,38700,70000,600000,600000,600000,600000,600000,600000,,597119.665,,,,,,,,,,0,0,0,0,48.5149,0
