# Started at: 2022-04-12 18:41:26 +0000, Version: v0.1-177-gf3f14d1, Generated by: thermobench --verbose --fan-cmd=fan --fan-on=0 --time=10 --wait=50 --wait-timeout=60 --sensors_file=/root/thermobench/src/sensors.imx8 --cpu-usage --column=CPU0_work_done --column=CPU1_work_done --column=CPU2_work_done --column=CPU3_work_done --column=CPU4_work_done --column=CPU5_work_done --output=/root/JSA/power_experiment/measurements/imx8a/cpu//inst_0634.json.yaml.csv -- demos-sched -p per_process -c /root/JSA/power_experiment/demos_configurations/imx8a/cpu//inst_0634.json.yaml
time/ms,CPU_0_temp/m°C,CPU_1_temp/m°C,GPU_0_temp/m°C,GPU_1_temp/m°C,DRC_temp/m°C,PMIC_temp/m°C,Cortex_A53_0_freq/Hz,Cortex_A53_1_freq/Hz,Cortex_A53_2_freq/Hz,Cortex_A53_3_freq/Hz,Cortex_A72_0_freq/Hz,Cortex_A72_1_freq/Hz,ambient,energy,cam_cpu,cam_mem,heat_sources,CPU0_work_done,CPU1_work_done,CPU2_work_done,CPU3_work_done,CPU4_work_done,CPU5_work_done,CPU0_load/%,CPU1_load/%,CPU2_load/%,CPU3_load/%,CPU4_load/%,CPU5_load/%
1.12078,40100,41100,41300,39500,39700,70000,600000,600000,600000,600000,1.056e+06,1.056e+06,,,,,,,,,,,,0,0,0,50,50,0
992.967,39900,40900,41100,39500,39500,70000,896000,896000,896000,896000,600000,600000,26.177,617554.821,,,,,,,,,,3.0303,0,8,5.05051,1.0101,29
1228.44,,,,,,,,,,,,,,,,,,,,,,,0,,,,,,
1992.13,39900,40700,41100,39500,39300,70000,896000,896000,896000,896000,600000,600000,,617560.433,,,,,,,,,,0,0,0,0,1,29
2992.51,40100,40900,41100,39500,39500,70000,896000,896000,896000,896000,600000,600000,,617566.205,,,,,,,,,,0,0,0,0,0,29.2929
3992.79,39700,40700,41100,39500,39100,70000,896000,896000,896000,896000,600000,600000,,617571.935,,,,,,,,,,0,0,0,0,1,29
4992.34,39900,40900,41100,39500,39300,70000,896000,896000,896000,896000,600000,600000,,617577.708,,,,,,,,,,0,0,0,0,0,29
5993.11,39900,40500,40900,39500,39500,70000,896000,896000,896000,896000,600000,600000,,617583.427,,,,,,,,,,1,0,0,0,0.990099,29
6351.33,,,,,,,,,,,,,,,,,,,,,,,1,,,,,,
6992.59,39900,40900,40900,39500,39500,70000,896000,896000,896000,896000,600000,600000,,617589.203,,,,,,,,,,0,0,0,0,0,29.2929
7992.63,40100,41100,41100,39500,39500,70000,896000,896000,896000,896000,600000,600000,,617594.985,,,,,,,,,,0,0,0,0.990099,1.96078,29
8992.77,40100,40900,41100,39500,39500,70000,896000,896000,896000,896000,600000,600000,,617600.700,,,,,,,,,,0,0.990099,0,0,0,29.703
9993.06,40100,41100,41100,39500,39500,70000,896000,896000,896000,896000,600000,600000,,617606.475,,,,,,,,,,0,0,0,0,0,29
