# Started at: 2022-04-12 19:47:40 +0000, Version: v0.1-177-gf3f14d1, Generated by: thermobench --verbose --fan-cmd=fan --fan-on=0 --time=10 --wait=50 --wait-timeout=60 --sensors_file=/root/thermobench/src/sensors.imx8 --cpu-usage --column=CPU0_work_done --column=CPU1_work_done --column=CPU2_work_done --column=CPU3_work_done --column=CPU4_work_done --column=CPU5_work_done --output=/root/JSA/power_experiment/measurements/imx8a/cpu//inst_0948.json.yaml.csv -- demos-sched -p per_process -c /root/JSA/power_experiment/demos_configurations/imx8a/cpu//inst_0948.json.yaml
time/ms,CPU_0_temp/m°C,CPU_1_temp/m°C,GPU_0_temp/m°C,GPU_1_temp/m°C,DRC_temp/m°C,PMIC_temp/m°C,Cortex_A53_0_freq/Hz,Cortex_A53_1_freq/Hz,Cortex_A53_2_freq/Hz,Cortex_A53_3_freq/Hz,Cortex_A72_0_freq/Hz,Cortex_A72_1_freq/Hz,ambient,energy,cam_cpu,cam_mem,heat_sources,CPU0_work_done,CPU1_work_done,CPU2_work_done,CPU3_work_done,CPU4_work_done,CPU5_work_done,CPU0_load/%,CPU1_load/%,CPU2_load/%,CPU3_load/%,CPU4_load/%,CPU5_load/%
1.1089,39700,40500,40700,38900,39300,70000,896000,896000,896000,896000,600000,600000,,,,,,,,,,,,50,0,0,0,0,0
995.689,39500,40100,40700,38900,38900,70000,896000,896000,896000,896000,1.056e+06,1.056e+06,25.78,641378.821,,,,,,,,,,0,0,11.8812,0,4.0404,0
1995.32,39300,40500,40300,38900,38900,70000,896000,896000,896000,896000,1.056e+06,1.056e+06,,641384.064,,,,,,,,,,0.990099,0,3.0303,0,0,0
2995.06,39300,40100,40700,38700,38700,70000,896000,896000,896000,896000,1.056e+06,1.056e+06,,641389.374,,,,,,,,,,0,0,4,0.990099,0,0
3994.79,39300,39900,40300,38700,38500,70000,896000,896000,896000,896000,1.056e+06,1.056e+06,,641394.623,,,,,,,,,,0,0,4,1.9802,0,0
4995.44,39300,40100,40300,38500,38700,70000,896000,896000,896000,896000,1.056e+06,1.056e+06,,641399.919,,,,,,,,,,0,0,3.9604,0,0,0
5995.03,39300,40100,40300,38700,38900,70000,896000,896000,896000,896000,1.056e+06,1.056e+06,,641405.226,,,,,,,,,,1,0,4,0,0,0
6995.48,39300,40100,40700,38700,38700,70000,896000,896000,896000,896000,1.056e+06,1.056e+06,,641410.485,,,,,,,,,,0,0,4,0,0,0
7995.7,39500,40300,40500,38700,38900,70000,896000,896000,896000,896000,1.056e+06,1.056e+06,,641415.797,,,,,,,,,,0,0,3.0303,0.990099,0,0
8995.41,39300,40100,40700,38700,38700,70000,896000,896000,896000,896000,1.056e+06,1.056e+06,,641421.115,,,,,,,,,,0.990099,0.990099,4,0,0,0
9995.26,39500,40100,40300,38900,38700,70000,896000,896000,896000,896000,1.056e+06,1.056e+06,,641426.368,,,,,,,,,,0,0,3.0303,0,0,0
