# Started at: 2022-04-12 19:19:24 +0000, Version: v0.1-177-gf3f14d1, Generated by: thermobench --verbose --fan-cmd=fan --fan-on=0 --time=10 --wait=50 --wait-timeout=60 --sensors_file=/root/thermobench/src/sensors.imx8 --cpu-usage --column=CPU0_work_done --column=CPU1_work_done --column=CPU2_work_done --column=CPU3_work_done --column=CPU4_work_done --column=CPU5_work_done --output=/root/JSA/power_experiment/measurements/imx8a/cpu//inst_0814.json.yaml.csv -- demos-sched -p per_process -c /root/JSA/power_experiment/demos_configurations/imx8a/cpu//inst_0814.json.yaml
time/ms,CPU_0_temp/m°C,CPU_1_temp/m°C,GPU_0_temp/m°C,GPU_1_temp/m°C,DRC_temp/m°C,PMIC_temp/m°C,Cortex_A53_0_freq/Hz,Cortex_A53_1_freq/Hz,Cortex_A53_2_freq/Hz,Cortex_A53_3_freq/Hz,Cortex_A72_0_freq/Hz,Cortex_A72_1_freq/Hz,ambient,energy,cam_cpu,cam_mem,heat_sources,CPU0_work_done,CPU1_work_done,CPU2_work_done,CPU3_work_done,CPU4_work_done,CPU5_work_done,CPU0_load/%,CPU1_load/%,CPU2_load/%,CPU3_load/%,CPU4_load/%,CPU5_load/%
1.09178,39700,40700,41100,39300,39100,70000,896000,896000,896000,896000,1.056e+06,1.056e+06,,,,,,,,,,,,0,50,0,0,0,0
350.927,,,,,,,,,,,,,,,,,,0,,,,,,,,,,,
993.771,39900,40500,40700,39300,39100,70000,600000,600000,600000,600000,1.596e+06,1.596e+06,26.155,631207.955,,,,,,,,,,45.4545,5.05051,1,8.08081,3,1.0101
1993.55,39700,40900,41100,39300,39100,70000,600000,600000,600000,600000,1.596e+06,1.596e+06,,631213.801,,,,,,,,,,46,0,0,0,0,0
2994.35,39500,40500,40900,39300,39100,70000,600000,600000,600000,600000,1.596e+06,1.596e+06,,631219.647,,,,,,,,,,45,0,0,0,0,0
3994.07,39700,40700,40700,39100,38700,70000,600000,600000,600000,600000,1.596e+06,1.596e+06,,631225.427,,,,,,,,,,46.5347,0,0,0,0,0
4993.91,39700,40500,40700,39300,38900,70000,600000,600000,600000,600000,1.596e+06,1.596e+06,,631231.257,,,,,,,,,,46,0,0,0,0,0
5994.29,39700,40700,41100,39100,39100,70000,600000,600000,600000,600000,1.596e+06,1.596e+06,,631237.039,,,,,,,,,,46,1,0,0,0,0
6993.45,39700,40900,41100,39500,39500,70000,600000,600000,600000,600000,1.596e+06,1.596e+06,,631242.870,,,,,,,,,,45.4545,0.990099,0,0,0,0
7994.2,39900,40900,40900,39100,39100,70000,600000,600000,600000,600000,1.596e+06,1.596e+06,,631248.645,,,,,,,,,,46,0,0,0,0,0
8994.31,39900,40900,41100,39500,39500,70000,600000,600000,600000,600000,1.596e+06,1.596e+06,,631254.479,,,,,,,,,,45.5446,0.990099,0,0,0,0
9994.05,40100,40900,41300,39300,39300,70000,600000,600000,600000,600000,1.596e+06,1.596e+06,,631260.309,,,,,,,,,,46,0,0,0,0,0
