# Started at: 2022-04-12 18:46:30 +0000, Version: v0.1-177-gf3f14d1, Generated by: thermobench --verbose --fan-cmd=fan --fan-on=0 --time=10 --wait=50 --wait-timeout=60 --sensors_file=/root/thermobench/src/sensors.imx8 --cpu-usage --column=CPU0_work_done --column=CPU1_work_done --column=CPU2_work_done --column=CPU3_work_done --column=CPU4_work_done --column=CPU5_work_done --output=/root/JSA/power_experiment/measurements/imx8a/cpu//inst_0658.json.yaml.csv -- demos-sched -p per_process -c /root/JSA/power_experiment/demos_configurations/imx8a/cpu//inst_0658.json.yaml
time/ms,CPU_0_temp/m°C,CPU_1_temp/m°C,GPU_0_temp/m°C,GPU_1_temp/m°C,DRC_temp/m°C,PMIC_temp/m°C,Cortex_A53_0_freq/Hz,Cortex_A53_1_freq/Hz,Cortex_A53_2_freq/Hz,Cortex_A53_3_freq/Hz,Cortex_A72_0_freq/Hz,Cortex_A72_1_freq/Hz,ambient,energy,cam_cpu,cam_mem,heat_sources,CPU0_work_done,CPU1_work_done,CPU2_work_done,CPU3_work_done,CPU4_work_done,CPU5_work_done,CPU0_load/%,CPU1_load/%,CPU2_load/%,CPU3_load/%,CPU4_load/%,CPU5_load/%
1.09153,39500,40500,40900,39100,39100,70000,896000,896000,896000,896000,1.056e+06,1.056e+06,,,,,,,,,,,,0,0,0,0,0,50
993.915,39500,40500,40700,38900,38900,70000,600000,600000,600000,600000,1.056e+06,1.056e+06,26.102,619338.591,,,,,,,,,,6.18557,8.08081,1,1.0101,2.0202,4.08163
1993.91,39300,40100,40300,38700,38700,70000,600000,600000,600000,600000,1.056e+06,1.056e+06,,619343.839,,,,,,,,,,9,0.990099,0,0,0,0
2994.14,39300,40100,40300,38900,38700,70000,600000,600000,600000,600000,1.056e+06,1.056e+06,,619349.166,,,,,,,,,,9,0,0,0,0,0
3993.45,39300,40100,40300,38700,38700,70000,600000,600000,600000,600000,1.056e+06,1.056e+06,,619354.439,,,,,,,,,,9.09091,0,0,0,0,0
4993.57,39100,39900,40100,38700,38700,70000,600000,600000,600000,600000,1.056e+06,1.056e+06,,619359.760,,,,,,,,,,9,0,0,0,0,0
5993.76,39300,40300,40300,38700,38700,70000,600000,600000,600000,600000,1.056e+06,1.056e+06,,619365.024,,,,,,,,,,9,0,0,0,0,0
6993.5,39300,40100,40300,38900,38700,70000,600000,600000,600000,600000,1.056e+06,1.056e+06,,619370.343,,,,,,,,,,9,0,0,0,0,0
7993.51,39500,40100,40500,38700,38700,70000,600000,600000,600000,600000,1.056e+06,1.056e+06,,619375.619,,,,,,,,,,9.09091,0,0,0,0,0
8994.35,39500,40100,40500,38700,38700,70000,600000,600000,600000,600000,1.056e+06,1.056e+06,,619380.936,,,,,,,,,,9.90099,0,0,0,0,0
9993.85,39500,40100,40300,38700,38900,70000,600000,600000,600000,600000,1.056e+06,1.056e+06,,619386.201,,,,,,,,,,8.08081,0,0,0,0,0
