# Started at: 2022-04-12 16:57:36 +0000, Version: v0.1-177-gf3f14d1, Generated by: thermobench --verbose --fan-cmd=fan --fan-on=0 --time=10 --wait=50 --wait-timeout=60 --sensors_file=/root/thermobench/src/sensors.imx8 --cpu-usage --column=CPU0_work_done --column=CPU1_work_done --column=CPU2_work_done --column=CPU3_work_done --column=CPU4_work_done --column=CPU5_work_done --output=/root/JSA/power_experiment/measurements/imx8a/cpu//inst_0140.json.yaml.csv -- demos-sched -p per_process -c /root/JSA/power_experiment/demos_configurations/imx8a/cpu//inst_0140.json.yaml
time/ms,CPU_0_temp/m°C,CPU_1_temp/m°C,GPU_0_temp/m°C,GPU_1_temp/m°C,DRC_temp/m°C,PMIC_temp/m°C,Cortex_A53_0_freq/Hz,Cortex_A53_1_freq/Hz,Cortex_A53_2_freq/Hz,Cortex_A53_3_freq/Hz,Cortex_A72_0_freq/Hz,Cortex_A72_1_freq/Hz,ambient,energy,cam_cpu,cam_mem,heat_sources,CPU0_work_done,CPU1_work_done,CPU2_work_done,CPU3_work_done,CPU4_work_done,CPU5_work_done,CPU0_load/%,CPU1_load/%,CPU2_load/%,CPU3_load/%,CPU4_load/%,CPU5_load/%
1.11565,40300,41300,41500,39900,39900,70000,600000,600000,600000,600000,600000,600000,,,,,,,,,,,,0,0,0,50,0,0
551.05,,,,,,,,,,,,,,,,,,,,0,,,,,,,,,
993.336,40300,41100,41700,39900,39700,70000,600000,600000,600000,600000,600000,600000,26.595,580145.115,,,,,,,,,,1.02041,10.101,85,0,7,1.02041
1993.49,40100,41300,41500,39700,39500,70000,600000,600000,600000,600000,600000,600000,,580150.972,,,,,,,,,,0,0,89.1089,0,0,0
2993.08,40100,40900,41500,39900,40100,70000,600000,600000,600000,600000,600000,600000,,580156.863,,,,,,,,,,0,0,89,0,0,0
3992.68,40300,41300,41500,39900,39900,70000,600000,600000,600000,600000,600000,600000,,580162.672,,,,,,,,,,0.990099,0,88.8889,0,0.990099,0
4993.58,40300,41300,41500,39900,39700,70000,600000,600000,600000,600000,600000,600000,,580168.567,,,,,,,,,,0,0,89.1089,0,0,0.990099
5992.85,40300,41100,41500,39700,39500,70000,600000,600000,600000,600000,600000,600000,,580174.408,,,,,,,,,,0,0,89,0,0,0
6993.6,40300,41300,41500,39500,39700,70000,600000,600000,600000,600000,600000,600000,,580180.294,,,,,,,,,,0,0,88.8889,0,0,1
7750.56,,,,,,,,,,,,,,,,,,,,1,,,,,,,,,
7993.39,40700,41500,41500,39900,39900,70000,600000,600000,600000,600000,600000,600000,,580186.100,,,,,,,,,,0,0,89.1089,0,0,0
8993.63,40500,41300,41500,40100,39900,70000,600000,600000,600000,600000,600000,600000,,580192.000,,,,,,,,,,0,0,89,0,0,0
9993.49,40700,41300,41700,39900,39900,70000,600000,600000,600000,600000,600000,600000,,580197.906,,,,,,,,,,0,0,89,0,0,0
