# Started at: 2022-04-12 17:41:04 +0000, Version: v0.1-177-gf3f14d1, Generated by: thermobench --verbose --fan-cmd=fan --fan-on=0 --time=10 --wait=50 --wait-timeout=60 --sensors_file=/root/thermobench/src/sensors.imx8 --cpu-usage --column=CPU0_work_done --column=CPU1_work_done --column=CPU2_work_done --column=CPU3_work_done --column=CPU4_work_done --column=CPU5_work_done --output=/root/JSA/power_experiment/measurements/imx8a/cpu//inst_0347.json.yaml.csv -- demos-sched -p per_process -c /root/JSA/power_experiment/demos_configurations/imx8a/cpu//inst_0347.json.yaml
time/ms,CPU_0_temp/m°C,CPU_1_temp/m°C,GPU_0_temp/m°C,GPU_1_temp/m°C,DRC_temp/m°C,PMIC_temp/m°C,Cortex_A53_0_freq/Hz,Cortex_A53_1_freq/Hz,Cortex_A53_2_freq/Hz,Cortex_A53_3_freq/Hz,Cortex_A72_0_freq/Hz,Cortex_A72_1_freq/Hz,ambient,energy,cam_cpu,cam_mem,heat_sources,CPU0_work_done,CPU1_work_done,CPU2_work_done,CPU3_work_done,CPU4_work_done,CPU5_work_done,CPU0_load/%,CPU1_load/%,CPU2_load/%,CPU3_load/%,CPU4_load/%,CPU5_load/%
1.09565,39700,40700,40900,39300,39100,70000,600000,600000,600000,600000,1.056e+06,1.056e+06,,,,,,,,,,,,0,0,33.3333,0,50,0
993.087,39500,40100,40700,38900,39100,70000,600000,600000,600000,600000,1.056e+06,1.056e+06,26.37,595831.712,,,,,,,,,,1.0101,1.9802,1.02041,8.08081,5.05051,1.0101
1993.21,39500,40500,40700,38900,38900,70000,600000,600000,600000,600000,1.056e+06,1.056e+06,,595837.001,,,,,,,,,,0,0.990099,0,0,1.9802,0
2993.8,39300,40100,40300,38700,38500,70000,600000,600000,600000,600000,1.056e+06,1.056e+06,,595842.225,,,,,,,,,,0,0,0,0,2,0
3993.28,39300,40100,40300,38700,38700,70000,600000,600000,600000,600000,1.056e+06,1.056e+06,,595847.496,,,,,,,,,,0.990099,0,0,0,2,0
4131.14,,,,,,,,,,,,,,,,,,,,,,0,,,,,,,
4993.27,39300,40300,40500,39100,38700,70000,600000,600000,600000,600000,1.056e+06,1.056e+06,,595852.795,,,,,,,,,,0,0,0,0,2,0
5992.96,39500,40100,40700,39100,38700,70000,600000,600000,600000,600000,1.056e+06,1.056e+06,,595858.027,,,,,,,,,,0.990099,0,0,0,1.0101,0
6993.15,39500,40100,40300,39100,38900,70000,600000,600000,600000,600000,1.056e+06,1.056e+06,,595863.316,,,,,,,,,,0,0,0,0,2,0
7993.19,39300,40100,40300,38900,38700,70000,600000,600000,600000,600000,1.056e+06,1.056e+06,,595868.566,,,,,,,,,,0,0,0,0,2,0
8993.68,39500,40100,40500,38700,38700,70000,600000,600000,600000,600000,1.056e+06,1.056e+06,,595873.860,,,,,,,,,,0,0,0,0,2,0
9993.24,39500,40100,40300,38700,38700,70000,600000,600000,600000,600000,1.056e+06,1.056e+06,,595879.114,,,,,,,,,,0,0,0,0,2,0
