# Started at: 2022-04-12 19:20:53 +0000, Version: v0.1-177-gf3f14d1, Generated by: thermobench --verbose --fan-cmd=fan --fan-on=0 --time=10 --wait=50 --wait-timeout=60 --sensors_file=/root/thermobench/src/sensors.imx8 --cpu-usage --column=CPU0_work_done --column=CPU1_work_done --column=CPU2_work_done --column=CPU3_work_done --column=CPU4_work_done --column=CPU5_work_done --output=/root/JSA/power_experiment/measurements/imx8a/cpu//inst_0821.json.yaml.csv -- demos-sched -p per_process -c /root/JSA/power_experiment/demos_configurations/imx8a/cpu//inst_0821.json.yaml
time/ms,CPU_0_temp/m°C,CPU_1_temp/m°C,GPU_0_temp/m°C,GPU_1_temp/m°C,DRC_temp/m°C,PMIC_temp/m°C,Cortex_A53_0_freq/Hz,Cortex_A53_1_freq/Hz,Cortex_A53_2_freq/Hz,Cortex_A53_3_freq/Hz,Cortex_A72_0_freq/Hz,Cortex_A72_1_freq/Hz,ambient,energy,cam_cpu,cam_mem,heat_sources,CPU0_work_done,CPU1_work_done,CPU2_work_done,CPU3_work_done,CPU4_work_done,CPU5_work_done,CPU0_load/%,CPU1_load/%,CPU2_load/%,CPU3_load/%,CPU4_load/%,CPU5_load/%
1.09528,40100,40500,40900,39100,38900,70000,896000,896000,896000,896000,1.056e+06,1.056e+06,,,,,,,,,,,,50,0,0,0,50,66.6667
243.406,,,,,,,,,,,,,,,,,,,,,,0,,,,,,,
359.133,,,,,,,,,,,,,,,,,,,,,0,,,,,,,,
994.304,39500,40300,40700,39100,38700,70000,600000,600000,600000,600000,600000,600000,26.134,631732.336,,,,,,,,,,1.0101,10.8911,11,34,18.5567,0
1994.17,39500,40100,40500,38900,38700,70000,600000,600000,600000,600000,600000,600000,,631737.941,,,,,,,,,,0,0,0,35,19,0
2993.73,39100,40100,40300,38700,38700,70000,600000,600000,600000,600000,600000,600000,,631743.602,,,,,,,,,,0.990099,0,0,35.3535,19.802,0
3993.63,39100,40100,40300,38700,38700,70000,600000,600000,600000,600000,600000,600000,,631749.210,,,,,,,,,,0,0,0,35.6436,19,0
4993.99,39300,40100,40300,38700,38700,70000,600000,600000,600000,600000,600000,600000,,631754.877,,,,,,,,,,0,0,0,35.3535,19,0
5994.15,39500,40100,40500,38900,38900,70000,600000,600000,600000,600000,600000,600000,,631760.481,,,,,,,,,,0,0,0,35,19,0
6994.07,39300,40100,40500,38900,38700,70000,600000,600000,600000,600000,600000,600000,,631766.135,,,,,,,,,,0,0,0,35,19.1919,0
7993.78,39300,40300,40700,38900,38700,70000,600000,600000,600000,600000,600000,600000,,631771.734,,,,,,,,,,0,0,0,35.3535,19,0
8993.53,39500,40500,40700,38900,38700,70000,600000,600000,600000,600000,600000,600000,,631777.389,,,,,,,,,,0,0,0.990099,35,19.802,0
9994.01,39500,40100,40500,39100,38700,70000,600000,600000,600000,600000,600000,600000,,631782.995,,,,,,,,,,0,0,0,35.3535,19,0.990099
