{
    "imx8a": {
        "A53": {
            "slope": 1.438829151890542,
            "intercept": 0.3994813224140581
        },
        "A72": {
            "slope": 1.0630558543631499,
            "intercept": 0.6732327648622294
        },
        "score": 0.8358606456858317
    },
    "imx8b": {
        "A53": {
            "slope": 0.0,
            "intercept": 0.0
        },
        "A72": {
            "slope": 0.0,
            "intercept": 0.0
        },
        "score": 0.0
    },
    "tx2": {
        "A57": {
            "slope": 1.525960138412537,
            "intercept": 1.0175450008427418
        },
        "Denver": {
            "slope": 0.3587225417122056,
            "intercept": 0.41782995673435636
        },
        "score": 0.9127601457533999
    }
}