{
    "imx8a": {
        "A53": {
            "slope": 1.205022004990434,
            "intercept": 0.2696486642298138
        },
        "A72": {
            "slope": 0.9687541394876081,
            "intercept": 0.4559309625584486
        },
        "score": 0.8218329938119248
    },
    "imx8b": {
        "A53": {
            "slope": 1.2269989108114652,
            "intercept": 0.23213356376746536
        },
        "A72": {
            "slope": 0.9806986455325659,
            "intercept": 0.4196106348037135
        },
        "score": 0.8139639544012733
    },
    "tx2": {
        "A57": {
            "slope": 1.5541379907657242,
            "intercept": 0.9199440345788079
        },
        "Denver": {
            "slope": 0.3678865765203975,
            "intercept": 0.45808706214475453
        },
        "score": 0.9181602555330602
    }
}