# Started at: 2022-04-12 15:45:12 +0000, Version: v0.1-177-gf3f14d1, Generated by: thermobench --verbose --fan-cmd=fan --fan-on=0 --time=10 --wait=50 --wait-timeout=60 --sensors_file=/root/thermobench/src/sensors.imx8 --cpu-usage --column=CPU0_work_done --column=CPU1_work_done --column=CPU2_work_done --column=CPU3_work_done --column=CPU4_work_done --column=CPU5_work_done --output=/root/JSA/power_experiment/measurements/imx8a/all//inst_0796.json.yaml.csv -- demos-sched -p per_process -c /root/JSA/power_experiment/demos_configurations/imx8a/all//inst_0796.json.yaml
time/ms,CPU_0_temp/m°C,CPU_1_temp/m°C,GPU_0_temp/m°C,GPU_1_temp/m°C,DRC_temp/m°C,PMIC_temp/m°C,Cortex_A53_0_freq/Hz,Cortex_A53_1_freq/Hz,Cortex_A53_2_freq/Hz,Cortex_A53_3_freq/Hz,Cortex_A72_0_freq/Hz,Cortex_A72_1_freq/Hz,ambient,energy,cam_cpu,cam_mem,heat_sources,CPU0_work_done,CPU1_work_done,CPU2_work_done,CPU3_work_done,CPU4_work_done,CPU5_work_done,CPU0_load/%,CPU1_load/%,CPU2_load/%,CPU3_load/%,CPU4_load/%,CPU5_load/%
1.0939,43200,44000,44600,42600,42500,70000,896000,896000,896000,896000,1.056e+06,1.056e+06,,,,,,,,,,,,0,0,50,0,50,50
993.62,43000,43800,44200,42300,42100,70000,896000,896000,896000,896000,600000,600000,28.354,553774.093,,,,,,,,,,4.0404,1.0101,7.14286,2.0202,4.08163,18.5567
1162.53,,,,,,,,,,,,,,,,,,,,,,,0,,,,,,
1993.66,42800,43600,44000,42300,42300,70000,896000,896000,896000,896000,600000,600000,,553779.684,,,,,,,,,,0,0,0,0,0.990099,22
2994.45,43000,43600,43800,42100,42300,70000,896000,896000,896000,896000,600000,600000,,553785.241,,,,,,,,,,0,0,0,0,0,21.2121
3993.97,42600,43600,43800,42300,42100,70000,896000,896000,896000,896000,600000,600000,,553790.849,,,,,,,,,,1,0,0,1.9802,0,22
4994.15,42800,43600,44200,41900,42100,70000,896000,896000,896000,896000,600000,600000,,553796.408,,,,,,,,,,0,0,0,1,0,21.2121
5993.74,42600,43600,43800,42300,41900,70000,896000,896000,896000,896000,600000,600000,,553802.010,,,,,,,,,,0,0,0,1.0101,0,22
6993.99,42600,43400,43800,42100,42100,70000,896000,896000,896000,896000,600000,600000,,553807.569,,,,,,,,,,0,0,0,1,0,21.2121
7994.14,42800,43600,44200,42300,42100,70000,896000,896000,896000,896000,600000,600000,,553813.176,,,,,,,,,,0,0,0,1,0,22
8993.99,42800,43600,44200,42300,42100,70000,896000,896000,896000,896000,600000,600000,,553818.783,,,,,,,,,,0,0,0,2,0,21
9994.6,42600,43600,44200,42500,42300,70000,896000,896000,896000,896000,600000,600000,,553824.328,,,,,,,,,,0,0,0,1,0,22.7723
