# Started at: 2022-04-12 13:13:09 +0000, Version: v0.1-177-gf3f14d1, Generated by: thermobench --verbose --fan-cmd=fan --fan-on=0 --time=10 --wait=50 --wait-timeout=60 --sensors_file=/root/thermobench/src/sensors.imx8 --cpu-usage --column=CPU0_work_done --column=CPU1_work_done --column=CPU2_work_done --column=CPU3_work_done --column=CPU4_work_done --column=CPU5_work_done --output=/root/JSA/power_experiment/measurements/imx8a/all//inst_0083.json.yaml.csv -- demos-sched -p per_process -c /root/JSA/power_experiment/demos_configurations/imx8a/all//inst_0083.json.yaml
time/ms,CPU_0_temp/m°C,CPU_1_temp/m°C,GPU_0_temp/m°C,GPU_1_temp/m°C,DRC_temp/m°C,PMIC_temp/m°C,Cortex_A53_0_freq/Hz,Cortex_A53_1_freq/Hz,Cortex_A53_2_freq/Hz,Cortex_A53_3_freq/Hz,Cortex_A72_0_freq/Hz,Cortex_A72_1_freq/Hz,ambient,energy,cam_cpu,cam_mem,heat_sources,CPU0_work_done,CPU1_work_done,CPU2_work_done,CPU3_work_done,CPU4_work_done,CPU5_work_done,CPU0_load/%,CPU1_load/%,CPU2_load/%,CPU3_load/%,CPU4_load/%,CPU5_load/%
1.11727,41300,42300,42600,41100,40700,70000,896000,896000,896000,896000,600000,1.056e+06,,,,,,,,,,,,0,0,50,0,50,0
269.429,,,,,,,,,,,,,,,,,,0,,,,,,,,,,,
433.492,,,,,,,,,,,,,,,,,,,0,,,,,,,,,,
994.111,40900,42100,42600,40900,40700,70000,896000,896000,896000,896000,600000,600000,28.408,497880.464,,,,,,,,,,25.2525,48.4848,5.05051,5.05051,5,2
1994.35,40900,41900,42100,40700,40300,70000,896000,896000,896000,896000,600000,600000,,497886.358,,,,,,,,,,25,50,0.990099,0,0,0
2994.04,40900,41900,42100,40300,40300,70000,896000,896000,896000,896000,600000,600000,,497892.199,,,,,,,,,,25.2525,49.4949,0,0,0,0
3993.92,40900,41900,42300,40500,40500,70000,896000,896000,896000,896000,600000,600000,,497898.075,,,,,,,,,,25,50.9804,0,0,0,0
4994.33,40900,41900,42500,40500,40300,70000,896000,896000,896000,896000,600000,600000,,497903.904,,,,,,,,,,25.2525,50,0,0,0,0
5994.43,40900,41900,42300,40500,40300,70000,896000,896000,896000,896000,600000,600000,,497909.792,,,,,,,,,,25,49.505,0,0,1,0.990099
6993.64,41100,42100,42500,40700,40700,70000,896000,896000,896000,896000,600000,600000,,497915.622,,,,,,,,,,25,50,0,1,0,0
7993.67,41300,42100,42300,40700,40500,70000,896000,896000,896000,896000,600000,600000,,497921.500,,,,,,,,,,25.2525,50,0,0,0,0
8994.11,40900,42100,42300,40500,40500,70000,896000,896000,896000,896000,600000,600000,,497927.333,,,,,,,,,,25.7426,50,0,0.990099,0,0
9994,41300,42100,42500,40700,40300,70000,896000,896000,896000,896000,600000,600000,,497933.211,,,,,,,,,,25.2525,49.4949,0,0,0,0
