# Started at: 2022-04-12 14:49:23 +0000, Version: v0.1-177-gf3f14d1, Generated by: thermobench --verbose --fan-cmd=fan --fan-on=0 --time=10 --wait=50 --wait-timeout=60 --sensors_file=/root/thermobench/src/sensors.imx8 --cpu-usage --column=CPU0_work_done --column=CPU1_work_done --column=CPU2_work_done --column=CPU3_work_done --column=CPU4_work_done --column=CPU5_work_done --output=/root/JSA/power_experiment/measurements/imx8a/all//inst_0542.json.yaml.csv -- demos-sched -p per_process -c /root/JSA/power_experiment/demos_configurations/imx8a/all//inst_0542.json.yaml
time/ms,CPU_0_temp/m°C,CPU_1_temp/m°C,GPU_0_temp/m°C,GPU_1_temp/m°C,DRC_temp/m°C,PMIC_temp/m°C,Cortex_A53_0_freq/Hz,Cortex_A53_1_freq/Hz,Cortex_A53_2_freq/Hz,Cortex_A53_3_freq/Hz,Cortex_A72_0_freq/Hz,Cortex_A72_1_freq/Hz,ambient,energy,cam_cpu,cam_mem,heat_sources,CPU0_work_done,CPU1_work_done,CPU2_work_done,CPU3_work_done,CPU4_work_done,CPU5_work_done,CPU0_load/%,CPU1_load/%,CPU2_load/%,CPU3_load/%,CPU4_load/%,CPU5_load/%
1.10928,42800,44000,44200,42500,42500,70000,896000,896000,896000,896000,600000,600000,,,,,,,,,,,,50,0,0,50,0,0
993.749,42600,43400,43800,42300,42100,70000,600000,600000,600000,600000,1.056e+06,1.056e+06,27.861,533126.616,,,,,,,,,,34,0,8.08081,10,1.0101,0
1204.26,,,,,,,,,,,,,,,,,,0,,,,,,,,,,,
1994.46,42600,43600,43800,42300,41900,70000,600000,600000,600000,600000,1.056e+06,1.056e+06,,533132.217,,,,,,,,,,34.3434,0,0,1.9802,0,0
2994.71,42600,43600,43800,42300,41900,70000,600000,600000,600000,600000,1.056e+06,1.056e+06,,533137.919,,,,,,,,,,34.6535,0,0,0,0,0
3994.05,42500,43400,43600,41900,41900,70000,600000,600000,600000,600000,1.056e+06,1.056e+06,,533143.569,,,,,,,,,,34.6535,0,0,0,0,0
4994.37,42600,43600,43800,42300,41900,70000,600000,600000,600000,600000,1.056e+06,1.056e+06,,533149.260,,,,,,,,,,34.3434,0,0,0,0,0
5994.35,42300,43200,43600,42100,41900,70000,600000,600000,600000,600000,1.056e+06,1.056e+06,,533154.911,,,,,,,,,,34,0,0,0.990099,0,0
6994.79,42600,43200,43800,41900,41900,70000,600000,600000,600000,600000,1.056e+06,1.056e+06,,533160.620,,,,,,,,,,35.6436,0,0,0,0,0
7994.43,42600,43400,43800,41900,41700,70000,600000,600000,600000,600000,1.056e+06,1.056e+06,,533166.326,,,,,,,,,,34.3434,0,0,0,0,0.990099
8994.19,42600,43600,43800,42100,41900,70000,600000,600000,600000,600000,1.056e+06,1.056e+06,,533172.025,,,,,,,,,,34.6535,0,0,0,0,0
9994.48,42500,43600,43800,41900,41900,70000,600000,600000,600000,600000,1.056e+06,1.056e+06,,533177.663,,,,,,,,,,34,0,0,1.9802,0,0
