# Started at: 2022-04-12 13:35:44 +0000, Version: v0.1-177-gf3f14d1, Generated by: thermobench --verbose --fan-cmd=fan --fan-on=0 --time=10 --wait=50 --wait-timeout=60 --sensors_file=/root/thermobench/src/sensors.imx8 --cpu-usage --column=CPU0_work_done --column=CPU1_work_done --column=CPU2_work_done --column=CPU3_work_done --column=CPU4_work_done --column=CPU5_work_done --output=/root/JSA/power_experiment/measurements/imx8a/all//inst_0191.json.yaml.csv -- demos-sched -p per_process -c /root/JSA/power_experiment/demos_configurations/imx8a/all//inst_0191.json.yaml
time/ms,CPU_0_temp/m°C,CPU_1_temp/m°C,GPU_0_temp/m°C,GPU_1_temp/m°C,DRC_temp/m°C,PMIC_temp/m°C,Cortex_A53_0_freq/Hz,Cortex_A53_1_freq/Hz,Cortex_A53_2_freq/Hz,Cortex_A53_3_freq/Hz,Cortex_A72_0_freq/Hz,Cortex_A72_1_freq/Hz,ambient,energy,cam_cpu,cam_mem,heat_sources,CPU0_work_done,CPU1_work_done,CPU2_work_done,CPU3_work_done,CPU4_work_done,CPU5_work_done,CPU0_load/%,CPU1_load/%,CPU2_load/%,CPU3_load/%,CPU4_load/%,CPU5_load/%
1.11627,40900,41700,42100,40500,40300,70000,896000,896000,896000,896000,1.056e+06,1.056e+06,,,,,,,,,,,,0,50,0,0,66.6667,0
408.293,,,,,,,,,,,,,,,,,,,,,,,0,,,,,,
992.76,40900,41700,41900,40300,40100,70000,600000,600000,600000,600000,600000,600000,27.453,506258.449,,,,,,,,,,39,9.09091,7.14286,6,1.02041,43
1992.44,40700,41700,41900,40300,40300,70000,600000,600000,600000,600000,600000,600000,,506264.417,,,,,,,,,,38,0,3.9604,0,0.990099,42
2992.72,40900,41700,42100,40300,40300,70000,600000,600000,600000,600000,600000,600000,,506270.440,,,,,,,,,,38.3838,0,3,0,1,43
3992.43,40900,41700,41900,40300,40300,70000,600000,600000,600000,600000,600000,600000,,506276.418,,,,,,,,,,37.3737,0,3,0,0,42
4993.41,40900,41900,41900,40300,40100,70000,600000,600000,600000,600000,600000,600000,,506282.438,,,,,,,,,,38.6139,0,3,0.990099,0,42
5992.54,40900,41900,42300,40300,40300,70000,600000,600000,600000,600000,600000,600000,,506288.467,,,,,,,,,,38.6139,0,3,0,1.9802,43
6993.29,40900,41700,41900,40700,40300,70000,600000,600000,600000,600000,600000,600000,,506294.430,,,,,,,,,,38,0,3.9604,0,0,42.5743
7993.14,40900,41700,41900,40500,40500,70000,600000,600000,600000,600000,600000,600000,,506300.451,,,,,,,,,,38.3838,0,3,0,0,42.4242
8992.42,40900,41700,42100,40700,40300,70000,600000,600000,600000,600000,600000,600000,,506306.426,,,,,,,,,,38,1,3.9604,0,0,42
9993.41,40900,41700,42100,40300,40300,70000,600000,600000,600000,600000,600000,600000,,506312.451,,,,,,,,,,38.6139,0,3,0,0,42.4242
