# Started at: 2022-04-12 15:45:50 +0000, Version: v0.1-177-gf3f14d1, Generated by: thermobench --verbose --fan-cmd=fan --fan-on=0 --time=10 --wait=50 --wait-timeout=60 --sensors_file=/root/thermobench/src/sensors.imx8 --cpu-usage --column=CPU0_work_done --column=CPU1_work_done --column=CPU2_work_done --column=CPU3_work_done --column=CPU4_work_done --column=CPU5_work_done --output=/root/JSA/power_experiment/measurements/imx8a/all//inst_0799.json.yaml.csv -- demos-sched -p per_process -c /root/JSA/power_experiment/demos_configurations/imx8a/all//inst_0799.json.yaml
time/ms,CPU_0_temp/m°C,CPU_1_temp/m°C,GPU_0_temp/m°C,GPU_1_temp/m°C,DRC_temp/m°C,PMIC_temp/m°C,Cortex_A53_0_freq/Hz,Cortex_A53_1_freq/Hz,Cortex_A53_2_freq/Hz,Cortex_A53_3_freq/Hz,Cortex_A72_0_freq/Hz,Cortex_A72_1_freq/Hz,ambient,energy,cam_cpu,cam_mem,heat_sources,CPU0_work_done,CPU1_work_done,CPU2_work_done,CPU3_work_done,CPU4_work_done,CPU5_work_done,CPU0_load/%,CPU1_load/%,CPU2_load/%,CPU3_load/%,CPU4_load/%,CPU5_load/%
1.1274,42300,43200,43400,41500,41500,70000,600000,600000,600000,600000,600000,600000,,,,,,,,,,,,0,33.3333,0,0,33.3333,0
994.144,42300,43200,43600,41900,41500,70000,600000,600000,600000,600000,600000,600000,28.086,553995.788,,,,,,,,,,3,3,83.8384,10,4.16667,0
1652.99,,,,,,,,,,,,,,,,,,,,0,,,,,,,,,
1994.39,42100,42800,43400,41500,41300,70000,600000,600000,600000,600000,600000,600000,,554001.596,,,,,,,,,,0,0,82.8283,0,4,1
2994.64,42300,43200,43400,41500,41500,70000,600000,600000,600000,600000,600000,600000,,554007.289,,,,,,,,,,1,0,82,0,4,0
3993.77,41900,42600,43000,41500,41100,70000,600000,600000,600000,600000,600000,600000,,554012.945,,,,,,,,,,0,0,82,0,3.0303,1
4994.41,42100,42800,43400,41500,41100,70000,600000,600000,600000,600000,600000,600000,,554018.642,,,,,,,,,,0,0,82,0,4,0
5994.47,41900,42600,43400,41500,41100,70000,600000,600000,600000,600000,600000,600000,,554024.263,,,,,,,,,,0,0,82,0,3,0
6994.76,42300,42800,43000,41900,41300,70000,600000,600000,600000,600000,600000,600000,,554029.961,,,,,,,,,,0.990099,0,82.8283,0,4,0
7994.28,42100,42800,43200,41500,41500,70000,600000,600000,600000,600000,600000,600000,,554035.608,,,,,,,,,,0,0,82.1782,0,4,0
8994.75,42100,42800,43400,41700,41500,70000,600000,600000,600000,600000,600000,600000,,554041.326,,,,,,,,,,0,0,82,0,3.0303,1
9994.5,42300,43200,43400,41700,41500,70000,600000,600000,600000,600000,600000,600000,,554046.989,,,,,,,,,,0,0,82,0,4,0
