# Started at: 2022-04-12 15:03:21 +0000, Version: v0.1-177-gf3f14d1, Generated by: thermobench --verbose --fan-cmd=fan --fan-on=0 --time=10 --wait=50 --wait-timeout=60 --sensors_file=/root/thermobench/src/sensors.imx8 --cpu-usage --column=CPU0_work_done --column=CPU1_work_done --column=CPU2_work_done --column=CPU3_work_done --column=CPU4_work_done --column=CPU5_work_done --output=/root/JSA/power_experiment/measurements/imx8a/all//inst_0607.json.yaml.csv -- demos-sched -p per_process -c /root/JSA/power_experiment/demos_configurations/imx8a/all//inst_0607.json.yaml
time/ms,CPU_0_temp/m°C,CPU_1_temp/m°C,GPU_0_temp/m°C,GPU_1_temp/m°C,DRC_temp/m°C,PMIC_temp/m°C,Cortex_A53_0_freq/Hz,Cortex_A53_1_freq/Hz,Cortex_A53_2_freq/Hz,Cortex_A53_3_freq/Hz,Cortex_A72_0_freq/Hz,Cortex_A72_1_freq/Hz,ambient,energy,cam_cpu,cam_mem,heat_sources,CPU0_work_done,CPU1_work_done,CPU2_work_done,CPU3_work_done,CPU4_work_done,CPU5_work_done,CPU0_load/%,CPU1_load/%,CPU2_load/%,CPU3_load/%,CPU4_load/%,CPU5_load/%
1.09603,41700,42600,43000,40900,41100,70000,896000,896000,896000,896000,1.056e+06,1.056e+06,,,,,,,,,,,,0,0,0,0,0,0
994.803,41500,42300,42800,41100,40700,70000,600000,600000,600000,600000,600000,600000,27.903,538260.938,,,,,,,,,,2,6.06061,57.8431,9.09091,3.0303,1
1994.7,41500,42100,42600,41100,40700,70000,600000,600000,600000,600000,600000,600000,,538267.008,,,,,,,,,,0,0,55.5556,0,0,0
2994.71,41500,42500,42800,41100,41100,70000,600000,600000,600000,600000,600000,600000,,538273.124,,,,,,,,,,0,0,55,0,0,0
3994.67,41500,42500,42800,41100,40900,70000,600000,600000,600000,600000,600000,600000,,538279.233,,,,,,,,,,1.96078,0,55,0,0,0
4994.57,41700,42500,43000,41100,41100,70000,600000,600000,600000,600000,600000,600000,,538285.298,,,,,,,,,,1,0,55.4455,0,0,0
5994.24,41700,42500,43000,41300,41100,70000,600000,600000,600000,600000,600000,600000,,538291.415,,,,,,,,,,0,0,55.5556,0,0,0
6994.38,41900,42500,43200,41300,41100,70000,600000,600000,600000,600000,600000,600000,,538297.470,,,,,,,,,,1,0,55,0,0,0
7994.17,42100,42800,43000,41500,41500,70000,600000,600000,600000,600000,600000,600000,,538303.586,,,,,,,,,,0,0,55.4455,0,0,0
8994.86,42100,42600,43200,41500,41500,70000,600000,600000,600000,600000,600000,600000,,538309.703,,,,,,,,,,0,0,56,0,0,0
9994.71,42100,42800,43400,41500,41500,70000,600000,600000,600000,600000,600000,600000,,538315.763,,,,,,,,,,0,0,55,0,0,0
