# Started at: 2022-04-12 15:34:15 +0000, Version: v0.1-177-gf3f14d1, Generated by: thermobench --verbose --fan-cmd=fan --fan-on=0 --time=10 --wait=50 --wait-timeout=60 --sensors_file=/root/thermobench/src/sensors.imx8 --cpu-usage --column=CPU0_work_done --column=CPU1_work_done --column=CPU2_work_done --column=CPU3_work_done --column=CPU4_work_done --column=CPU5_work_done --output=/root/JSA/power_experiment/measurements/imx8a/all//inst_0744.json.yaml.csv -- demos-sched -p per_process -c /root/JSA/power_experiment/demos_configurations/imx8a/all//inst_0744.json.yaml
time/ms,CPU_0_temp/m°C,CPU_1_temp/m°C,GPU_0_temp/m°C,GPU_1_temp/m°C,DRC_temp/m°C,PMIC_temp/m°C,Cortex_A53_0_freq/Hz,Cortex_A53_1_freq/Hz,Cortex_A53_2_freq/Hz,Cortex_A53_3_freq/Hz,Cortex_A72_0_freq/Hz,Cortex_A72_1_freq/Hz,ambient,energy,cam_cpu,cam_mem,heat_sources,CPU0_work_done,CPU1_work_done,CPU2_work_done,CPU3_work_done,CPU4_work_done,CPU5_work_done,CPU0_load/%,CPU1_load/%,CPU2_load/%,CPU3_load/%,CPU4_load/%,CPU5_load/%
1.09565,42300,43000,43800,41900,41500,70000,600000,600000,600000,600000,1.056e+06,1.056e+06,,,,,,,,,,,,50,0,0,0,33.3333,0
994.273,42100,43000,43400,41900,41500,70000,896000,896000,896000,896000,1.056e+06,1.056e+06,28.515,549558.990,,,,,,,,,,1.0101,10.2041,8,1.0101,4.0404,0
1994.13,41900,42600,43000,41500,41300,70000,896000,896000,896000,896000,1.056e+06,1.056e+06,,549564.417,,,,,,,,,,0,12,0,0,0,0
2993.79,42100,42800,43000,41300,41300,70000,896000,896000,896000,896000,1.056e+06,1.056e+06,,549569.916,,,,,,,,,,0,13.7255,0,0,0,0
3994.07,42100,42800,43000,41100,41100,70000,896000,896000,896000,896000,1.056e+06,1.056e+06,,549575.334,,,,,,,,,,0,12.1212,0,0,0,0.990099
4993.97,41900,42800,43200,41500,41300,70000,896000,896000,896000,896000,1.056e+06,1.056e+06,,549580.795,,,,,,,,,,0.990099,12,0,0,0,0
5993.39,41700,42500,43000,41100,41100,70000,896000,896000,896000,896000,1.056e+06,1.056e+06,,549586.260,,,,,,,,,,1.96078,12.8713,0,0,0,0
6994,41900,42600,43000,41300,41100,70000,896000,896000,896000,896000,1.056e+06,1.056e+06,,549591.671,,,,,,,,,,0,12,0,0,0,0
7993.83,41900,42500,43000,41300,41100,70000,896000,896000,896000,896000,1.056e+06,1.056e+06,,549597.147,,,,,,,,,,0,12.1212,0,0,0,0.990099
8993.78,41900,42600,43000,41300,41300,70000,896000,896000,896000,896000,1.056e+06,1.056e+06,,549602.558,,,,,,,,,,0,12.8713,0,0,0,0
9993.44,41500,42600,43000,41300,41100,70000,896000,896000,896000,896000,1.056e+06,1.056e+06,,549608.024,,,,,,,,,,0,12,0,0,0,0
