# Started at: 2022-04-12 15:49:51 +0000, Version: v0.1-177-gf3f14d1, Generated by: thermobench --verbose --fan-cmd=fan --fan-on=0 --time=10 --wait=50 --wait-timeout=60 --sensors_file=/root/thermobench/src/sensors.imx8 --cpu-usage --column=CPU0_work_done --column=CPU1_work_done --column=CPU2_work_done --column=CPU3_work_done --column=CPU4_work_done --column=CPU5_work_done --output=/root/JSA/power_experiment/measurements/imx8a/all//inst_0818.json.yaml.csv -- demos-sched -p per_process -c /root/JSA/power_experiment/demos_configurations/imx8a/all//inst_0818.json.yaml
time/ms,CPU_0_temp/m°C,CPU_1_temp/m°C,GPU_0_temp/m°C,GPU_1_temp/m°C,DRC_temp/m°C,PMIC_temp/m°C,Cortex_A53_0_freq/Hz,Cortex_A53_1_freq/Hz,Cortex_A53_2_freq/Hz,Cortex_A53_3_freq/Hz,Cortex_A72_0_freq/Hz,Cortex_A72_1_freq/Hz,ambient,energy,cam_cpu,cam_mem,heat_sources,CPU0_work_done,CPU1_work_done,CPU2_work_done,CPU3_work_done,CPU4_work_done,CPU5_work_done,CPU0_load/%,CPU1_load/%,CPU2_load/%,CPU3_load/%,CPU4_load/%,CPU5_load/%
1.09415,41900,42800,43200,41500,41500,70000,896000,896000,896000,896000,1.056e+06,1.056e+06,,,,,,,,,,,,0,0,0,0,0,0
205.449,,,,,,,,,,,,,,,,,,,,,,0,,,,,,,
994.278,41900,42800,43000,41500,41300,70000,600000,600000,600000,600000,1.056e+06,1.056e+06,27.26,555480.264,,,,,,,,,,1.0101,10.101,1.9802,7.14286,31.3131,1.02041
1993.93,41900,42800,43000,41500,41300,70000,600000,600000,600000,600000,1.056e+06,1.056e+06,,555486.030,,,,,,,,,,0,0,0,0,32.6733,0
2994.38,41900,42800,43000,41500,41100,70000,600000,600000,600000,600000,1.056e+06,1.056e+06,,555491.852,,,,,,,,,,0,0.990099,0,0,33,0
3993.33,41900,42800,43000,41500,41100,70000,600000,600000,600000,600000,1.056e+06,1.056e+06,,555497.649,,,,,,,,,,0,1,0,0,32,0
4993.89,41900,42600,43000,41300,41100,70000,600000,600000,600000,600000,1.056e+06,1.056e+06,,555503.457,,,,,,,,,,0,0,0,0,32,0
5994.31,41900,42500,43000,41100,41100,70000,600000,600000,600000,600000,1.056e+06,1.056e+06,,555509.294,,,,,,,,,,0,0.990099,0,0,33,0
6993.4,41900,42600,43000,41300,41300,70000,600000,600000,600000,600000,1.056e+06,1.056e+06,,555515.115,,,,,,,,,,0,0,0,0.990099,32,0
7994.33,41900,42800,43000,41500,41100,70000,600000,600000,600000,600000,1.056e+06,1.056e+06,,555520.874,,,,,,,,,,0,0,0,0,32,0
8994.36,41900,43000,43200,41500,41300,70000,600000,600000,600000,600000,1.056e+06,1.056e+06,,555526.711,,,,,,,,,,0,0,0,0,33,0
9994.02,41900,42800,43000,41500,41300,70000,600000,600000,600000,600000,1.056e+06,1.056e+06,,555532.483,,,,,,,,,,0,0.990099,0,0,32,0
