method,T-little,T-big
ILP-SM-I,32.03333333333333,32.03333333333333
BB-SM,34.11666666666667,34.11666666666667
HEUR,32.56666666666667,32.56666666666667
BB-LR,37.06666666666667,37.06666666666667
ILP-IDLE-MIN,33.733333333333334,33.733333333333334
QP-LR-UB,36.1,36.1
ILP-IDLE-MAX,36.15,36.15
