method,T-little,T-big
ILP-SM-I,55.56666666666666,55.583333333333336
ILP-SM-II,55.73333333333333,55.73333333333333
HEUR,55.949999999999996,55.949999999999996
ILP-IDLE-MIN,58.050000000000004,58.050000000000004
QP-LR-UB,59.199999999999996,59.199999999999996
ILP-IDLE-MAX,58.74999999999999,58.74999999999999
