method,T-little,T-big
ILP-SM-I,9.9,11.35
ILP-SM-II,9.85,11.283333333333333
HEUR,11.533333333333333,12.916666666666666
ILP-IDLE-MIN,12.316666666666665,13.733333333333334
QP-LR-UB,12.383333333333333,14.200000000000001
ILP-IDLE-MAX,14.133333333333333,16.73333333333333
