method,T-little,T-big
ILP-SM,56.616666666666674,56.616666666666674
BB-SM,57.56666666666666,57.56666666666666
HEUR,57.21666666666667,57.20000000000001
BB-LR,57.53333333333333,57.53333333333333
ILP-IDLE-MIN,59.400000000000006,59.400000000000006
QP-LR-UB,56.95000000000001,56.95000000000001
ILP-IDLE-MAX,60.21666666666667,60.21666666666667
