method,T-little,T-big
ILP-SM-I,11.416666666666666,11.466666666666669
ILP-SM-II,11.183333333333335,11.116666666666667
HEUR,12.733333333333334,12.850000000000001
ILP-IDLE-MIN,12.783333333333333,12.799999999999999
QP-LR-UB,13.183333333333332,13.583333333333334
ILP-IDLE-MAX,15.833333333333334,17.15
