method,T-little,T-big
ILP-SM,56.51666666666667,57.96666666666667
BB-SM,59.616666666666674,61.36666666666667
HEUR,58.166666666666664,59.66666666666666
BB-LR,58.28333333333334,59.883333333333326
ILP-IDLE-MIN,58.31666666666666,59.79999999999999
QP-LR-UB,58.916666666666664,60.68333333333334
ILP-IDLE-MAX,61.13333333333333,63.9
