method,T-little,T-big
ILP-SM,25.666666666666668,25.61666666666667
BB-SM,26.066666666666663,26.233333333333334
HEUR,26.96666666666667,26.866666666666664
BB-LR,26.46666666666667,26.499999999999996
ILP-IDLE-MIN,27.133333333333336,27.083333333333332
QP-LR-UB,27.21666666666667,27.283333333333335
ILP-IDLE-MAX,29.400000000000002,30.549999999999997
