method,T-little,T-big
ILP-SM-I,30.566666666666663,30.583333333333332
BB-SM,31.433333333333334,31.433333333333334
HEUR,30.95,30.95
BB-LR,33.71666666666667,33.71666666666667
ILP-IDLE-MIN,33.050000000000004,33.050000000000004
QP-LR-UB,34.199999999999996,34.199999999999996
ILP-IDLE-MAX,33.75,33.75
