method,T-little,T-big
ILP-SM-I,51.416666666666664,51.46666666666667
BB-SM,51.416666666666664,51.48333333333333
HEUR,52.4,52.48333333333333
BB-LR,51.65,51.56666666666666
ILP-IDLE-MIN,52.31666666666666,52.31666666666667
QP-LR-UB,53.18333333333334,53.583333333333336
ILP-IDLE-MAX,55.449999999999996,56.800000000000004
