method,T-little,T-big
ILP-SM-I,50.26666666666667,50.25
ILP-SM-II,50.333333333333336,50.35
HEUR,51.6,51.46666666666667
ILP-IDLE-MIN,51.76666666666667,51.69999999999999
QP-LR-UB,51.666666666666664,51.76666666666667
ILP-IDLE-MAX,54.06666666666667,55.21666666666666
