method,T-little,T-big
ILP-SM-I,57.03333333333333,57.03333333333333
ILP-SM-II,57.099999999999994,57.08333333333332
HEUR,57.56666666666666,57.56666666666666
ILP-IDLE-MIN,58.73333333333334,58.73333333333334
QP-LR-UB,61.1,61.1
ILP-IDLE-MAX,61.15,61.15
