method,T-little,T-big
ILP-SM,57.03333333333333,57.03333333333333
BB-SM,57.50000000000001,57.50000000000001
HEUR,57.300000000000004,57.300000000000004
BB-LR,57.400000000000006,57.400000000000006
ILP-IDLE-MIN,58.56666666666666,58.56666666666666
QP-LR-UB,57.150000000000006,57.150000000000006
ILP-IDLE-MAX,60.83333333333332,60.83333333333332
