method,T-little,T-big
ILP-SM-I,17.583333333333332,17.583333333333332
ILP-SM-II,17.73333333333333,17.73333333333333
HEUR,17.95,17.95
ILP-IDLE-MIN,20.033333333333335,20.033333333333335
QP-LR-UB,21.2,21.2
ILP-IDLE-MAX,20.75,20.75
