method,T-little,T-big
ILP-SM,55.9,57.35
BB-SM,56.85,58.55000000000001
HEUR,57.53333333333333,58.916666666666664
BB-LR,58.833333333333336,60.43333333333334
ILP-IDLE-MIN,58.31666666666667,59.73333333333333
QP-LR-UB,58.38333333333333,60.199999999999996
ILP-IDLE-MAX,60.13333333333333,62.73333333333333
