method,T-little,T-big
ILP-SM-I,19.033333333333335,19.033333333333335
ILP-SM-II,19.099999999999998,19.083333333333332
HEUR,19.566666666666666,19.566666666666666
ILP-IDLE-MIN,20.73333333333333,20.73333333333333
QP-LR-UB,23.099999999999998,23.099999999999998
ILP-IDLE-MAX,23.150000000000002,23.150000000000002
