method,T-little,T-big
ILP-SM-I,10.516666666666666,11.966666666666667
ILP-SM-II,10.366666666666667,11.766666666666666
HEUR,12.166666666666666,13.66666666666667
ILP-IDLE-MIN,12.316666666666668,13.800000000000002
QP-LR-UB,12.916666666666666,14.683333333333332
ILP-IDLE-MAX,15.133333333333335,17.899999999999995
