# Started at: 2022-04-12 17:27:22 +0000, Version: v0.1-177-gf3f14d1, Generated by: thermobench --verbose --fan-cmd=fan --fan-on=0 --time=10 --wait=50 --wait-timeout=60 --sensors_file=/root/thermobench/src/sensors.imx8 --cpu-usage --column=CPU0_work_done --column=CPU1_work_done --column=CPU2_work_done --column=CPU3_work_done --column=CPU4_work_done --column=CPU5_work_done --output=/root/JSA/power_experiment/measurements/imx8a/cpu//inst_0282.json.yaml.csv -- demos-sched -p per_process -c /root/JSA/power_experiment/demos_configurations/imx8a/cpu//inst_0282.json.yaml
time/ms,CPU_0_temp/m°C,CPU_1_temp/m°C,GPU_0_temp/m°C,GPU_1_temp/m°C,DRC_temp/m°C,PMIC_temp/m°C,Cortex_A53_0_freq/Hz,Cortex_A53_1_freq/Hz,Cortex_A53_2_freq/Hz,Cortex_A53_3_freq/Hz,Cortex_A72_0_freq/Hz,Cortex_A72_1_freq/Hz,ambient,energy,cam_cpu,cam_mem,heat_sources,CPU0_work_done,CPU1_work_done,CPU2_work_done,CPU3_work_done,CPU4_work_done,CPU5_work_done,CPU0_load/%,CPU1_load/%,CPU2_load/%,CPU3_load/%,CPU4_load/%,CPU5_load/%
1.19903,39100,39700,40300,38500,38700,70000,600000,600000,600000,600000,600000,600000,,,,,,,,,,,,0,0,0,0,0,0
992.054,38900,39700,39900,38100,38300,70000,600000,600000,600000,600000,600000,600000,26.327,590883.770,,,,,,,,,,12.1212,7.14286,8.24742,1.02041,0,0
1151.11,,,,,,,,,,,,,,,,,,0,,,,,,,,,,,
1992.45,38700,39700,39900,38500,38300,70000,600000,600000,600000,600000,600000,600000,,590889.128,,,,,,,,,,10.8911,1,0,0,0,0
2992.79,38700,39500,39900,38100,38300,70000,600000,600000,600000,600000,600000,600000,,590894.490,,,,,,,,,,9.90099,0,0,0,0,0
3992.79,38500,39300,39500,37900,38100,70000,600000,600000,600000,600000,600000,600000,,590899.805,,,,,,,,,,10,0,0,0,0,0
4992.92,38700,39500,39700,38100,38300,70000,600000,600000,600000,600000,600000,600000,,590905.119,,,,,,,,,,10,0.990099,0,0,0,0
5992.36,38700,39700,39900,37900,38300,70000,600000,600000,600000,600000,600000,600000,,590910.473,,,,,,,,,,10,0,0,0,0,0
6992.41,38700,39500,39500,38300,38100,70000,600000,600000,600000,600000,600000,600000,,590915.838,,,,,,,,,,10,1,0,0,0,0
7992.81,39100,40100,39900,38300,38500,70000,600000,600000,600000,600000,600000,600000,,590921.151,,,,,,,,,,10,0,0,0,0,0
8992.05,38900,39700,39900,38500,38500,70000,600000,600000,600000,600000,600000,600000,,590926.523,,,,,,,,,,10,0,0,0,0,0
9992.44,38900,39900,40100,38500,38500,70000,600000,600000,600000,600000,600000,600000,,590931.834,,,,,,,,,,11,0,0,0,0,0
