# Started at: 2022-04-12 17:49:46 +0000, Version: v0.1-177-gf3f14d1, Generated by: thermobench --verbose --fan-cmd=fan --fan-on=0 --time=10 --wait=50 --wait-timeout=60 --sensors_file=/root/thermobench/src/sensors.imx8 --cpu-usage --column=CPU0_work_done --column=CPU1_work_done --column=CPU2_work_done --column=CPU3_work_done --column=CPU4_work_done --column=CPU5_work_done --output=/root/JSA/power_experiment/measurements/imx8a/cpu//inst_0389.json.yaml.csv -- demos-sched -p per_process -c /root/JSA/power_experiment/demos_configurations/imx8a/cpu//inst_0389.json.yaml
time/ms,CPU_0_temp/m°C,CPU_1_temp/m°C,GPU_0_temp/m°C,GPU_1_temp/m°C,DRC_temp/m°C,PMIC_temp/m°C,Cortex_A53_0_freq/Hz,Cortex_A53_1_freq/Hz,Cortex_A53_2_freq/Hz,Cortex_A53_3_freq/Hz,Cortex_A72_0_freq/Hz,Cortex_A72_1_freq/Hz,ambient,energy,cam_cpu,cam_mem,heat_sources,CPU0_work_done,CPU1_work_done,CPU2_work_done,CPU3_work_done,CPU4_work_done,CPU5_work_done,CPU0_load/%,CPU1_load/%,CPU2_load/%,CPU3_load/%,CPU4_load/%,CPU5_load/%
1.14415,40100,40500,41100,39300,39500,70000,600000,600000,600000,600000,600000,600000,,,,,,,,,,,,0,0,50,50,0,0
261.294,,,,,,,,,,,,,,,,,,0,,,,,,,,,,,
993.725,39900,40300,41100,39300,39100,70000,600000,600000,600000,600000,1.056e+06,1.056e+06,26.316,598939.909,,,,,,,,,,17.5258,4,10.101,5,2.0202,2.0202
1993.78,39500,40500,40700,39100,38900,70000,600000,600000,600000,600000,1.056e+06,1.056e+06,,598945.316,,,,,,,,,,20,0,0,0,0,0
2993.06,39500,40300,40700,39100,38900,70000,600000,600000,600000,600000,1.056e+06,1.056e+06,,598950.776,,,,,,,,,,19.802,1,0,0,0,0
3993.21,39500,40100,40700,39100,38900,70000,600000,600000,600000,600000,1.056e+06,1.056e+06,,598956.231,,,,,,,,,,19,0,0,0,0,0
4993.84,39500,40300,40500,38900,39100,70000,600000,600000,600000,600000,1.056e+06,1.056e+06,,598961.648,,,,,,,,,,19.1919,0,0,0,0,0
5993.62,39700,40500,40700,39100,39100,70000,600000,600000,600000,600000,1.056e+06,1.056e+06,,598967.104,,,,,,,,,,19,0,0,0,0,0
6993.76,39500,40300,40700,39100,39100,70000,600000,600000,600000,600000,1.056e+06,1.056e+06,,598972.515,,,,,,,,,,19.1919,0.990099,0,0,0,0
7993.04,39500,40500,40700,39100,39100,70000,600000,600000,600000,600000,1.056e+06,1.056e+06,,598977.970,,,,,,,,,,19,0,0,0,0,0
8992.97,39700,40500,40900,39100,39100,70000,600000,600000,600000,600000,1.056e+06,1.056e+06,,598983.371,,,,,,,,,,19.1919,0,0,0,0,0
9992.93,39700,40300,40700,38900,38700,70000,600000,600000,600000,600000,1.056e+06,1.056e+06,,598988.850,,,,,,,,,,20.5882,0,0,1,0,0
