# Started at: 2022-04-12 19:32:16 +0000, Version: v0.1-177-gf3f14d1, Generated by: thermobench --verbose --fan-cmd=fan --fan-on=0 --time=10 --wait=50 --wait-timeout=60 --sensors_file=/root/thermobench/src/sensors.imx8 --cpu-usage --column=CPU0_work_done --column=CPU1_work_done --column=CPU2_work_done --column=CPU3_work_done --column=CPU4_work_done --column=CPU5_work_done --output=/root/JSA/power_experiment/measurements/imx8a/cpu//inst_0875.json.yaml.csv -- demos-sched -p per_process -c /root/JSA/power_experiment/demos_configurations/imx8a/cpu//inst_0875.json.yaml
time/ms,CPU_0_temp/m°C,CPU_1_temp/m°C,GPU_0_temp/m°C,GPU_1_temp/m°C,DRC_temp/m°C,PMIC_temp/m°C,Cortex_A53_0_freq/Hz,Cortex_A53_1_freq/Hz,Cortex_A53_2_freq/Hz,Cortex_A53_3_freq/Hz,Cortex_A72_0_freq/Hz,Cortex_A72_1_freq/Hz,ambient,energy,cam_cpu,cam_mem,heat_sources,CPU0_work_done,CPU1_work_done,CPU2_work_done,CPU3_work_done,CPU4_work_done,CPU5_work_done,CPU0_load/%,CPU1_load/%,CPU2_load/%,CPU3_load/%,CPU4_load/%,CPU5_load/%
1.12515,39300,40300,40300,39100,38900,70000,896000,600000,600000,600000,1.056e+06,1.056e+06,,,,,,,,,,,,0,33.3333,0,0,50,0
993.584,39100,40300,40700,38700,38700,70000,600000,600000,600000,600000,600000,600000,26.027,635824.014,,,,,,,,,,21.6495,0,8.08081,6.06061,2.06186,2
1993.9,39100,39700,40300,38300,38300,70000,600000,600000,600000,600000,600000,600000,,635829.418,,,,,,,,,,22.2222,0,0,0.990099,0,0
2992.93,38900,39900,40300,38500,38700,70000,600000,600000,600000,600000,600000,600000,,635834.882,,,,,,,,,,23.7624,0,1,1,0,0
3993.42,39100,39900,40300,38700,38700,70000,600000,600000,600000,600000,600000,600000,,635840.336,,,,,,,,,,23.2323,0,0,0,0,0
4993.43,39100,39900,40100,38700,38700,70000,600000,600000,600000,600000,600000,600000,,635845.751,,,,,,,,,,23,0,0,0,0,0
5230.15,,,,,,,,,,,,,,,,,,0,,,,,,,,,,,
5993.46,39100,40100,40300,38700,38900,70000,600000,600000,600000,600000,600000,600000,,635851.234,,,,,,,,,,23,0,0,0,0,0
6993.64,39300,40100,40300,38700,38700,70000,600000,600000,600000,600000,600000,600000,,635856.657,,,,,,,,,,23,0,0,0,0,0
7993.64,39300,40100,40300,38300,38900,70000,600000,600000,600000,600000,600000,600000,,635862.144,,,,,,,,,,23.2323,0,0.990099,0,0,0
8993.58,39300,40100,40300,38700,38900,70000,600000,600000,600000,600000,600000,600000,,635867.556,,,,,,,,,,24.5098,0,0,0,0,0
9993,39300,40100,40500,38700,38900,70000,600000,600000,600000,600000,600000,600000,,635873.036,,,,,,,,,,24,0,0,0.990099,0,0
