# Started at: 2022-04-12 19:03:35 +0000, Version: v0.1-177-gf3f14d1, Generated by: thermobench --verbose --fan-cmd=fan --fan-on=0 --time=10 --wait=50 --wait-timeout=60 --sensors_file=/root/thermobench/src/sensors.imx8 --cpu-usage --column=CPU0_work_done --column=CPU1_work_done --column=CPU2_work_done --column=CPU3_work_done --column=CPU4_work_done --column=CPU5_work_done --output=/root/JSA/power_experiment/measurements/imx8a/cpu//inst_0739.json.yaml.csv -- demos-sched -p per_process -c /root/JSA/power_experiment/demos_configurations/imx8a/cpu//inst_0739.json.yaml
time/ms,CPU_0_temp/m°C,CPU_1_temp/m°C,GPU_0_temp/m°C,GPU_1_temp/m°C,DRC_temp/m°C,PMIC_temp/m°C,Cortex_A53_0_freq/Hz,Cortex_A53_1_freq/Hz,Cortex_A53_2_freq/Hz,Cortex_A53_3_freq/Hz,Cortex_A72_0_freq/Hz,Cortex_A72_1_freq/Hz,ambient,energy,cam_cpu,cam_mem,heat_sources,CPU0_work_done,CPU1_work_done,CPU2_work_done,CPU3_work_done,CPU4_work_done,CPU5_work_done,CPU0_load/%,CPU1_load/%,CPU2_load/%,CPU3_load/%,CPU4_load/%,CPU5_load/%
1.09165,39700,40500,41100,39500,39100,70000,600000,600000,600000,600000,1.056e+06,1.056e+06,,,,,,,,,,,,100,0,0,0,50,33.3333
218.154,,,,,,,,,,,,,,,,,,,,,,0,,,,,,,
994.125,39900,40700,40700,39500,39100,70000,896000,896000,896000,896000,1.056e+06,1.056e+06,26.155,625558.061,,,,,,,,,,2,7.07071,16.3265,0,29,2.04082
1994.47,39700,40500,40900,39100,39100,70000,896000,896000,896000,896000,1.056e+06,1.056e+06,,625563.805,,,,,,,,,,0,0,19,0,28,0
2994.53,39500,40500,40700,39100,39100,70000,896000,896000,896000,896000,1.056e+06,1.056e+06,,625569.557,,,,,,,,,,0,0,19,0,28,0
3994.24,39900,40700,40900,39300,39300,70000,896000,896000,896000,896000,1.056e+06,1.056e+06,,625575.252,,,,,,,,,,0,0,19.1919,0,28,0
4993.98,39900,40500,40700,39100,39100,70000,896000,896000,896000,896000,1.056e+06,1.056e+06,,625581.025,,,,,,,,,,0,1,19.802,0,28,0
5994.23,39900,40700,41100,39300,39300,70000,896000,896000,896000,896000,1.056e+06,1.056e+06,,625586.714,,,,,,,,,,0,0,19,0,28.7129,0
6994.36,39900,40500,40900,39500,39100,70000,896000,896000,896000,896000,1.056e+06,1.056e+06,,625592.450,,,,,,,,,,0,0,19,0,27.2727,0
7994.1,39700,40700,40700,39100,39100,70000,896000,896000,896000,896000,1.056e+06,1.056e+06,,625598.140,,,,,,,,,,0,0,19,0,28,0
8994.22,39700,40700,41100,39300,39300,70000,896000,896000,896000,896000,1.056e+06,1.056e+06,,625603.903,,,,,,,,,,0,0,19.802,0,28,0
9993.98,39900,40700,41100,39300,39500,70000,896000,896000,896000,896000,1.056e+06,1.056e+06,,625609.594,,,,,,,,,,0,0,19.1919,0,28,0
