# Started at: 2022-04-12 16:35:36 +0000, Version: v0.1-177-gf3f14d1, Generated by: thermobench --verbose --fan-cmd=fan --fan-on=0 --time=10 --wait=50 --wait-timeout=60 --sensors_file=/root/thermobench/src/sensors.imx8 --cpu-usage --column=CPU0_work_done --column=CPU1_work_done --column=CPU2_work_done --column=CPU3_work_done --column=CPU4_work_done --column=CPU5_work_done --output=/root/JSA/power_experiment/measurements/imx8a/cpu//inst_0035.json.yaml.csv -- demos-sched -p per_process -c /root/JSA/power_experiment/demos_configurations/imx8a/cpu//inst_0035.json.yaml
time/ms,CPU_0_temp/m°C,CPU_1_temp/m°C,GPU_0_temp/m°C,GPU_1_temp/m°C,DRC_temp/m°C,PMIC_temp/m°C,Cortex_A53_0_freq/Hz,Cortex_A53_1_freq/Hz,Cortex_A53_2_freq/Hz,Cortex_A53_3_freq/Hz,Cortex_A72_0_freq/Hz,Cortex_A72_1_freq/Hz,ambient,energy,cam_cpu,cam_mem,heat_sources,CPU0_work_done,CPU1_work_done,CPU2_work_done,CPU3_work_done,CPU4_work_done,CPU5_work_done,CPU0_load/%,CPU1_load/%,CPU2_load/%,CPU3_load/%,CPU4_load/%,CPU5_load/%
1.1139,39900,40900,41100,39500,39500,70000,896000,896000,896000,896000,1.056e+06,1.056e+06,,,,,,,,,,,,50,0,0,0,50,50
992.625,40100,40900,41100,39500,39500,70000,600000,600000,600000,600000,1.056e+06,1.056e+06,,,,,,,,,,,,34.6939,7.14286,0,1.9802,4.0404,1.0101
1417.49,,,,,,,,,,,,,,,,,,0,,,,,,,,,,,
1992.91,39900,40900,40700,39300,39100,70000,600000,600000,600000,600000,1.056e+06,1.056e+06,26.423,572197.312,,,,,,,,,,35.6436,0,1,0,0,0
2992.91,39500,40500,40700,38900,38700,70000,600000,600000,600000,600000,1.056e+06,1.056e+06,,572202.982,,,,,,,,,,35,0.990099,0,0,0,0
3992.97,39900,40500,40900,39100,39100,70000,600000,600000,600000,600000,1.056e+06,1.056e+06,,572208.586,,,,,,,,,,34.3434,0,0,0,0,0
4992.73,39700,40500,40700,39300,39100,70000,600000,600000,600000,600000,1.056e+06,1.056e+06,,572214.244,,,,,,,,,,35.6436,0,0,0.990099,0,0
5993.33,40100,40500,40900,39500,39100,70000,600000,600000,600000,600000,1.056e+06,1.056e+06,,572219.908,,,,,,,,,,34.3434,0,0,0,0,0
6992.76,39900,40700,41100,39500,39500,70000,600000,600000,600000,600000,1.056e+06,1.056e+06,,572225.518,,,,,,,,,,35,0,0,1,0,0
7993.45,40100,40900,40900,39500,39300,70000,600000,600000,600000,600000,1.056e+06,1.056e+06,,572231.194,,,,,,,,,,35,0,0.990099,0,0,0
8993.42,40100,40900,41100,39500,39500,70000,600000,600000,600000,600000,1.056e+06,1.056e+06,,572236.809,,,,,,,,,,35,0,0,0,0,0
9993.48,40100,40900,41300,39700,39500,70000,600000,600000,600000,600000,1.056e+06,1.056e+06,,572242.472,,,,,,,,,,35,0,0,0,0,0
