# Started at: 2022-04-12 17:45:45 +0000, Version: v0.1-177-gf3f14d1, Generated by: thermobench --verbose --fan-cmd=fan --fan-on=0 --time=10 --wait=50 --wait-timeout=60 --sensors_file=/root/thermobench/src/sensors.imx8 --cpu-usage --column=CPU0_work_done --column=CPU1_work_done --column=CPU2_work_done --column=CPU3_work_done --column=CPU4_work_done --column=CPU5_work_done --output=/root/JSA/power_experiment/measurements/imx8a/cpu//inst_0370.json.yaml.csv -- demos-sched -p per_process -c /root/JSA/power_experiment/demos_configurations/imx8a/cpu//inst_0370.json.yaml
time/ms,CPU_0_temp/m°C,CPU_1_temp/m°C,GPU_0_temp/m°C,GPU_1_temp/m°C,DRC_temp/m°C,PMIC_temp/m°C,Cortex_A53_0_freq/Hz,Cortex_A53_1_freq/Hz,Cortex_A53_2_freq/Hz,Cortex_A53_3_freq/Hz,Cortex_A72_0_freq/Hz,Cortex_A72_1_freq/Hz,ambient,energy,cam_cpu,cam_mem,heat_sources,CPU0_work_done,CPU1_work_done,CPU2_work_done,CPU3_work_done,CPU4_work_done,CPU5_work_done,CPU0_load/%,CPU1_load/%,CPU2_load/%,CPU3_load/%,CPU4_load/%,CPU5_load/%
1.1109,38700,39300,39500,38100,38300,70000,896000,896000,896000,896000,1.056e+06,1.056e+06,,,,,,,,,,,,0,0,0,0,0,0
430.998,,,,,,,,,,,,,,,,,,,,,,0,,,,,,,
993.408,38700,39700,39900,38100,37900,70000,600000,600000,600000,600000,600000,600000,26.423,597493.054,,,,,,,,,,7.14286,18.1818,5.05051,0,29.5918,5
1993.36,38700,39500,39900,37900,38300,70000,600000,600000,600000,600000,600000,600000,,597498.753,,,,,,,,,,0.990099,18,0,0,31.6832,0.990099
2992.98,38700,39300,39500,37900,38300,70000,600000,600000,600000,600000,600000,600000,,597504.499,,,,,,,,,,0,18,0,0,31.3131,0
3993.18,38500,39300,39700,38100,38100,70000,600000,600000,600000,600000,600000,600000,,597510.187,,,,,,,,,,1,18.8119,0,0,31.6832,0.990099
4993.41,38700,39300,39900,37900,38100,70000,600000,600000,600000,600000,600000,600000,,597515.923,,,,,,,,,,0.990099,17.1717,0,0,32,0
5993.63,38500,39300,39500,37900,38300,70000,600000,600000,600000,600000,600000,600000,,597521.605,,,,,,,,,,0,18,0,0,31.6832,1
6992.73,38700,39700,39900,38300,37900,70000,600000,600000,600000,600000,600000,600000,,597527.359,,,,,,,,,,0,18,0,0,31.3131,0
7993.02,38700,39300,39500,37700,38300,70000,600000,600000,600000,600000,600000,600000,,597533.062,,,,,,,,,,0,18.8119,0,0,31.6832,0
8993.52,38700,39700,39900,38100,38500,70000,600000,600000,600000,600000,600000,600000,,597538.805,,,,,,,,,,0,18,0,0,31.3131,1
9993.55,39100,39700,40100,38300,38300,70000,600000,600000,600000,600000,600000,600000,,597544.542,,,,,,,,,,0,18,0,0,31.6832,0
