{"1":{"32":{"slope":1.174399971961975,"intercept":0.21741178631782532,"length":135},"29":{"slope":0.9669960141181946,"intercept":1.0337687730789185,"length":140},"1":{"slope":1.090399980545044,"intercept":0.2660117745399475,"length":142},"2":{"slope":1.0152000188827515,"intercept":0.13621178269386292,"length":82},"41":{"slope":1.2092000246047974,"intercept":0.07541178166866302,"length":70},"27":{"slope":1.174399971961975,"intercept":0.21741178631782532,"length":138},"42":{"slope":1.090399980545044,"intercept":0.2660117745399475,"length":71},"33":{"slope":0.9669960141181946,"intercept":1.0337687730789185,"length":54},"28":{"slope":1.090399980545044,"intercept":0.2660117745399475,"length":108},"50":{"slope":1.475100040435791,"intercept":0.006111781112849712,"length":135},"26":{"slope":1.0152000188827515,"intercept":0.13621178269386292,"length":149},"10":{"slope":1.090399980545044,"intercept":0.2660117745399475,"length":61},"24":{"slope":1.174399971961975,"intercept":0.21741178631782532,"length":51},"25":{"slope":1.0152000188827515,"intercept":0.13621178269386292,"length":65},"23":{"slope":1.174399971961975,"intercept":0.21741178631782532,"length":57},"49":{"slope":0.8892999887466431,"intercept":0.11431178450584412,"length":122},"5":{"slope":1.475100040435791,"intercept":0.006111781112849712,"length":68},"31":{"slope":0.9669960141181946,"intercept":1.0337687730789185,"length":107},"43":{"slope":0.8892999887466431,"intercept":0.11431178450584412,"length":140},"39":{"slope":1.0152000188827515,"intercept":0.13621178269386292,"length":147},"34":{"slope":1.475100040435791,"intercept":0.006111781112849712,"length":147},"44":{"slope":1.174399971961975,"intercept":0.21741178631782532,"length":106},"17":{"slope":1.2092000246047974,"intercept":0.07541178166866302,"length":130},"37":{"slope":1.174399971961975,"intercept":0.21741178631782532,"length":101},"47":{"slope":0.9669960141181946,"intercept":1.0337687730789185,"length":71},"9":{"slope":1.0152000188827515,"intercept":0.13621178269386292,"length":82},"12":{"slope":0.8892999887466431,"intercept":0.11431178450584412,"length":147},"20":{"slope":1.2092000246047974,"intercept":0.07541178166866302,"length":84},"6":{"slope":1.2092000246047974,"intercept":0.07541178166866302,"length":134},"14":{"slope":0.8892999887466431,"intercept":0.11431178450584412,"length":126},"7":{"slope":1.090399980545044,"intercept":0.2660117745399475,"length":78},"8":{"slope":1.090399980545044,"intercept":0.2660117745399475,"length":147},"19":{"slope":0.9669960141181946,"intercept":1.0337687730789185,"length":73},"4":{"slope":1.2092000246047974,"intercept":0.07541178166866302,"length":90},"22":{"slope":1.0152000188827515,"intercept":0.13621178269386292,"length":147},"11":{"slope":1.174399971961975,"intercept":0.21741178631782532,"length":120},"35":{"slope":1.475100040435791,"intercept":0.006111781112849712,"length":95},"13":{"slope":1.090399980545044,"intercept":0.2660117745399475,"length":88},"15":{"slope":1.2092000246047974,"intercept":0.07541178166866302,"length":141},"16":{"slope":1.0152000188827515,"intercept":0.13621178269386292,"length":82},"40":{"slope":0.8892999887466431,"intercept":0.11431178450584412,"length":94},"21":{"slope":1.0152000188827515,"intercept":0.13621178269386292,"length":117},"38":{"slope":0.9669960141181946,"intercept":1.0337687730789185,"length":104},"46":{"slope":1.2092000246047974,"intercept":0.07541178166866302,"length":128},"45":{"slope":1.174399971961975,"intercept":0.21741178631782532,"length":116},"36":{"slope":0.8892999887466431,"intercept":0.11431178450584412,"length":113},"48":{"slope":1.475100040435791,"intercept":0.006111781112849712,"length":138},"18":{"slope":0.8892999887466431,"intercept":0.11431178450584412,"length":79},"30":{"slope":1.0152000188827515,"intercept":0.13621178269386292,"length":66},"3":{"slope":1.475100040435791,"intercept":0.006111781112849712,"length":95}},"2":{"32":{"slope":0.5013999938964844,"intercept":0.5169610381126404,"length":169},"29":{"slope":0.23270000517368317,"intercept":1.0449609756469727,"length":268},"1":{"slope":0.36640000343322754,"intercept":0.29026103019714355,"length":287},"2":{"slope":0.2694000005722046,"intercept":0.3091610074043274,"length":169},"41":{"slope":0.20180000364780426,"intercept":0.23146101832389832,"length":206},"27":{"slope":0.5013999938964844,"intercept":0.5169610381126404,"length":173},"42":{"slope":0.36640000343322754,"intercept":0.29026103019714355,"length":144},"33":{"slope":0.23270000517368317,"intercept":1.0449609756469727,"length":103},"28":{"slope":0.36640000343322754,"intercept":0.29026103019714355,"length":218},"50":{"slope":0.27459999918937683,"intercept":0.21956101059913635,"length":361},"26":{"slope":0.2694000005722046,"intercept":0.3091610074043274,"length":310},"10":{"slope":0.36640000343322754,"intercept":0.29026103019714355,"length":124},"24":{"slope":0.5013999938964844,"intercept":0.5169610381126404,"length":63},"25":{"slope":0.2694000005722046,"intercept":0.3091610074043274,"length":133},"23":{"slope":0.5013999938964844,"intercept":0.5169610381126404,"length":70},"49":{"slope":0.2281000018119812,"intercept":0.21326102316379547,"length":199},"5":{"slope":0.27459999918937683,"intercept":0.21956101059913635,"length":182},"31":{"slope":0.23270000517368317,"intercept":1.0449609756469727,"length":206},"43":{"slope":0.2281000018119812,"intercept":0.21326102316379547,"length":226},"39":{"slope":0.2694000005722046,"intercept":0.3091610074043274,"length":305},"34":{"slope":0.27459999918937683,"intercept":0.21956101059913635,"length":390},"44":{"slope":0.5013999938964844,"intercept":0.5169610381126404,"length":131},"17":{"slope":0.20180000364780426,"intercept":0.23146101832389832,"length":384},"37":{"slope":0.5013999938964844,"intercept":0.5169610381126404,"length":125},"47":{"slope":0.23270000517368317,"intercept":1.0449609756469727,"length":135},"9":{"slope":0.2694000005722046,"intercept":0.3091610074043274,"length":171},"12":{"slope":0.2281000018119812,"intercept":0.21326102316379547,"length":239},"20":{"slope":0.20180000364780426,"intercept":0.23146101832389832,"length":247},"6":{"slope":0.20180000364780426,"intercept":0.23146101832389832,"length":399},"14":{"slope":0.2281000018119812,"intercept":0.21326102316379547,"length":203},"7":{"slope":0.36640000343322754,"intercept":0.29026103019714355,"length":156},"8":{"slope":0.36640000343322754,"intercept":0.29026103019714355,"length":297},"19":{"slope":0.23270000517368317,"intercept":1.0449609756469727,"length":139},"4":{"slope":0.20180000364780426,"intercept":0.23146101832389832,"length":265},"22":{"slope":0.2694000005722046,"intercept":0.3091610074043274,"length":305},"11":{"slope":0.5013999938964844,"intercept":0.5169610381126404,"length":150},"35":{"slope":0.27459999918937683,"intercept":0.21956101059913635,"length":252},"13":{"slope":0.36640000343322754,"intercept":0.29026103019714355,"length":176},"15":{"slope":0.20180000364780426,"intercept":0.23146101832389832,"length":420},"16":{"slope":0.2694000005722046,"intercept":0.3091610074043274,"length":171},"40":{"slope":0.2281000018119812,"intercept":0.21326102316379547,"length":151},"21":{"slope":0.2694000005722046,"intercept":0.3091610074043274,"length":241},"38":{"slope":0.23270000517368317,"intercept":1.0449609756469727,"length":201},"46":{"slope":0.20180000364780426,"intercept":0.23146101832389832,"length":381},"45":{"slope":0.5013999938964844,"intercept":0.5169610381126404,"length":145},"36":{"slope":0.2281000018119812,"intercept":0.21326102316379547,"length":182},"48":{"slope":0.27459999918937683,"intercept":0.21956101059913635,"length":366},"18":{"slope":0.2281000018119812,"intercept":0.21326102316379547,"length":129},"30":{"slope":0.2694000005722046,"intercept":0.3091610074043274,"length":135},"3":{"slope":0.27459999918937683,"intercept":0.21956101059913635,"length":252}}}