affinity,benchmark,intercept,slope,proctime,unused(units)
A53,dijkstra,5.0228,0.0759,0.035040,0
A72,dijkstra,4.9957,0.2293,0.028926,0
A53,sha,5.0363,0.0878,0.000909,0
A72,sha,5.0219,0.3156,0.000455,0
A53,susan,5.0270,0.0578,0.040996,0
A72,susan,5.0238,0.2683,0.015101,0
A53,wd_sort,5.2525,0.4030,0.426693,0
A72,wd_sort,5.0960,0.5975,0.472651,0
