{
    "imx8a": {
        "A53": {
            "slope": 1.205022004990434,
            "intercept": 0.2696486642298138
        },
        "A72": {
            "slope": 0.9687541394876081,
            "intercept": 0.4559309625584486
        },
        "score": 0.8218329938119248
    },
    "imx8b": {
        "A53": {
            "slope": 1.2269989108114652,
            "intercept": 0.23213356376746536
        },
        "A72": {
            "slope": 0.9806986455325659,
            "intercept": 0.4196106348037135
        },
        "score": 0.8139639544012733
    },
    "tx2": {
        "A57": {
            "slope": 0.8572070834895722,
            "intercept": 0.6481807295788091
        },
        "Denver": {
            "slope": 0.946056964534726,
            "intercept": 0.8010168544665937
        },
        "score": 0.9740249120294631
    }
}