{
    "imx8a": {
        "A53": {
            "slope": 1.203833983725407,
            "intercept": 0.26941872064456396
        },
        "A72": {
            "slope": 0.9673489432607099,
            "intercept": 0.45542481485785846
        },
        "score": 0.8215918199985288
    },
    "imx8b": {
        "A53": {
            "slope": 1.2262436264109975,
            "intercept": 0.23213379306889048
        },
        "A72": {
            "slope": 0.9797445815951948,
            "intercept": 0.41968023347204225
        },
        "score": 0.8134087191712265
    },
    "tx2": {
        "A57": {
            "slope": 1.525960138412537,
            "intercept": 1.0175450008427418
        },
        "Denver": {
            "slope": 0.3587225417122056,
            "intercept": 0.41782995673435636
        },
        "score": 0.9127601457533999
    }
}