# Started at: 2022-04-09 00:05:29 +0000, Version: v0.1-177-gf3f14d1, Generated by: thermobench --verbose --time=10 --wait=50 --wait-timeout=60 --sensors_file=/root/thermobench/src/sensors.imx8 --cpu-usage --column=CPU0_work_done --column=CPU1_work_done --column=CPU2_work_done --column=CPU3_work_done --column=CPU4_work_done --column=CPU5_work_done --output=/root/JSA/power_experiment/measurements/imx8b/cpu//inst_0834.json.yaml.csv -- demos-sched -p per_process -c /root/JSA/power_experiment/demos_configurations/imx8b/cpu//inst_0834.json.yaml
time/ms,CPU_0_temp/m°C,CPU_1_temp/m°C,GPU_0_temp/m°C,GPU_1_temp/m°C,DRC_temp/m°C,PMIC_temp/m°C,Cortex_A53_0_freq/Hz,Cortex_A53_1_freq/Hz,Cortex_A53_2_freq/Hz,Cortex_A53_3_freq/Hz,Cortex_A72_0_freq/Hz,Cortex_A72_1_freq/Hz,ambient,energy,cam_cpu,cam_mem,heat_sources,CPU0_work_done,CPU1_work_done,CPU2_work_done,CPU3_work_done,CPU4_work_done,CPU5_work_done,CPU0_load/%,CPU1_load/%,CPU2_load/%,CPU3_load/%,CPU4_load/%,CPU5_load/%
1.12535,47900,47700,47700,46600,47200,70000,600000,600000,600000,600000,600000,600000,,,,,,,,,,,,0,50,0,33.3333,0,0
124.44,,,,,,,,,,,,,,,,,,0,,,,,,,,,,,
994.27,47500,47400,47500,46400,47200,70000,896000,896000,896000,896000,600000,600000,23.871,744775.422,,,,,,,,,,23,5,5.05051,7.14286,7.07071,1
1993.79,47700,47400,47500,46400,47000,70000,896000,896000,896000,896000,600000,600000,,744780.881,,,,,,,,,,23.2323,0,14,0,4.0404,0
2994.16,47500,47000,47400,46400,46800,70000,896000,896000,896000,896000,600000,600000,,744786.463,,,,,,,,,,31.3725,1,0,0,4.90196,7
3994.45,47500,47200,47400,46400,46800,70000,896000,896000,896000,896000,600000,600000,,744791.946,,,,,,,,,,22.449,0,6.86275,0,0,9.09091
4993.78,47400,47000,47500,46200,46800,70000,896000,896000,896000,896000,600000,600000,,744797.472,,,,,,,,,,24.7525,0,10.101,0,0,7.07071
5994.06,47400,47000,47500,46000,46800,70000,896000,896000,896000,896000,600000,600000,,744803.018,,,,,,,,,,23.7624,1,4.0404,7,1,7
6993.64,47200,46800,47200,46000,46600,70000,896000,896000,896000,896000,600000,600000,,744808.511,,,,,,,,,,23.2323,0.990099,6,7.07071,0,3.92157
7994.49,47000,47000,47200,46000,46800,70000,896000,896000,896000,896000,600000,600000,,744814.040,,,,,,,,,,26,0,3,1,1.0101,10
8994.06,47200,46800,47200,46000,46600,70000,896000,896000,896000,896000,600000,600000,,744819.544,,,,,,,,,,28.7129,0,0,7.92079,0,7
9994.11,47000,46800,47000,45800,46600,70000,896000,896000,896000,896000,600000,600000,,744825.091,,,,,,,,,,23.7624,5,1,8.91089,0.990099,2.0202
