# Started at: 2022-04-08 22:32:42 +0000, Version: v0.1-177-gf3f14d1, Generated by: thermobench --verbose --time=10 --wait=50 --wait-timeout=60 --sensors_file=/root/thermobench/src/sensors.imx8 --cpu-usage --column=CPU0_work_done --column=CPU1_work_done --column=CPU2_work_done --column=CPU3_work_done --column=CPU4_work_done --column=CPU5_work_done --output=/root/JSA/power_experiment/measurements/imx8b/cpu//inst_0282.json.yaml.csv -- demos-sched -p per_process -c /root/JSA/power_experiment/demos_configurations/imx8b/cpu//inst_0282.json.yaml
time/ms,CPU_0_temp/m°C,CPU_1_temp/m°C,GPU_0_temp/m°C,GPU_1_temp/m°C,DRC_temp/m°C,PMIC_temp/m°C,Cortex_A53_0_freq/Hz,Cortex_A53_1_freq/Hz,Cortex_A53_2_freq/Hz,Cortex_A53_3_freq/Hz,Cortex_A72_0_freq/Hz,Cortex_A72_1_freq/Hz,ambient,energy,cam_cpu,cam_mem,heat_sources,CPU0_work_done,CPU1_work_done,CPU2_work_done,CPU3_work_done,CPU4_work_done,CPU5_work_done,CPU0_load/%,CPU1_load/%,CPU2_load/%,CPU3_load/%,CPU4_load/%,CPU5_load/%
1.12273,48100,48100,47900,46800,47500,70000,600000,600000,600000,600000,600000,600000,,,,,,,,,,,,33.3333,0,0,33.3333,0,33.3333
990.476,47900,47500,47700,47000,47500,70000,600000,600000,600000,600000,600000,600000,24.139,711035.376,,,,,,,,,,10.101,12,2.04082,16,3.06122,0
1148.86,,,,,,,,,,,,,,,,,,0,,,,,,,,,,,
1990.76,47900,47700,47900,46600,47400,70000,600000,600000,600000,600000,600000,600000,,711040.818,,,,,,,,,,10.8911,19,1.9802,0,0,3
2990.86,47700,47400,47900,46600,47400,70000,600000,600000,600000,600000,600000,600000,,711046.265,,,,,,,,,,11,8,0,2.04082,0,10
3990.85,47700,47500,47500,46400,47400,70000,600000,600000,600000,600000,600000,600000,,711051.744,,,,,,,,,,13,5.05051,0,7.07071,0,7.92079
4990.95,47500,47700,47700,46400,47000,70000,600000,600000,600000,600000,600000,600000,,711057.198,,,,,,,,,,11,4.9505,0,0,0,13
5991.21,47400,47400,47200,46000,47200,70000,600000,600000,600000,600000,600000,600000,,711062.577,,,,,,,,,,11,10,1,0,0,10.8911
6990.98,47700,47500,47500,46400,47400,70000,600000,600000,600000,600000,600000,600000,,711068.068,,,,,,,,,,12,17.8218,0,0,8.82353,1
7990.74,47400,47000,47500,46200,46800,70000,600000,600000,600000,600000,600000,600000,,711073.497,,,,,,,,,,11.8812,4,11,1.9802,7,0
8990.58,47400,47000,47400,46000,46800,70000,600000,600000,600000,600000,600000,600000,,711078.930,,,,,,,,,,10,8.08081,10.2041,0,3,0
9990.67,47200,47000,47200,46000,46600,70000,600000,600000,600000,600000,600000,600000,,711084.431,,,,,,,,,,16.1616,0,4,12,5,0.990099
