# Started at: 2022-04-12 13:45:13 +0000, Version: v0.1-177-gf3f14d1, Generated by: thermobench --verbose --fan-cmd=fan --fan-on=0 --time=10 --wait=50 --wait-timeout=60 --sensors_file=/root/thermobench/src/sensors.imx8 --cpu-usage --column=CPU0_work_done --column=CPU1_work_done --column=CPU2_work_done --column=CPU3_work_done --column=CPU4_work_done --column=CPU5_work_done --output=/root/JSA/power_experiment/measurements/imx8a/all//inst_0236.json.yaml.csv -- demos-sched -p per_process -c /root/JSA/power_experiment/demos_configurations/imx8a/all//inst_0236.json.yaml
time/ms,CPU_0_temp/m°C,CPU_1_temp/m°C,GPU_0_temp/m°C,GPU_1_temp/m°C,DRC_temp/m°C,PMIC_temp/m°C,Cortex_A53_0_freq/Hz,Cortex_A53_1_freq/Hz,Cortex_A53_2_freq/Hz,Cortex_A53_3_freq/Hz,Cortex_A72_0_freq/Hz,Cortex_A72_1_freq/Hz,ambient,energy,cam_cpu,cam_mem,heat_sources,CPU0_work_done,CPU1_work_done,CPU2_work_done,CPU3_work_done,CPU4_work_done,CPU5_work_done,CPU0_load/%,CPU1_load/%,CPU2_load/%,CPU3_load/%,CPU4_load/%,CPU5_load/%
1.11952,40900,41700,41900,40300,39900,70000,896000,896000,896000,896000,600000,600000,,,,,,,,,,,,0,0,0,0,0,0
993.451,40500,41500,41900,39900,39900,70000,600000,600000,600000,600000,1.056e+06,1.056e+06,27.292,509654.709,,,,,,,,,,9.09091,1,0,0,3.09278,15
1137.06,,,,,,,,,,,,,,,,,,,,,,,0,,,,,,
1993.4,40500,41300,41700,39900,39900,70000,600000,600000,600000,600000,1.056e+06,1.056e+06,,509660.236,,,,,,,,,,0,0,0,0,0,14
2993.54,40300,41300,41500,40100,39900,70000,600000,600000,600000,600000,1.056e+06,1.056e+06,,509665.711,,,,,,,,,,0,0,0,0,0,14
3993.17,40500,41500,41900,39900,39700,70000,600000,600000,600000,600000,1.056e+06,1.056e+06,,509671.217,,,,,,,,,,2.94118,0,0,0.990099,0,13.1313
4993.11,40500,41300,41500,39900,39900,70000,600000,600000,600000,600000,1.056e+06,1.056e+06,,509676.671,,,,,,,,,,0,0,0,0,0,14
5992.64,40100,41300,41500,39900,39700,70000,600000,600000,600000,600000,1.056e+06,1.056e+06,,509682.181,,,,,,,,,,0,0,0,0,0,14
6993.23,40300,41100,41500,39700,39900,70000,600000,600000,600000,600000,1.056e+06,1.056e+06,,509687.641,,,,,,,,,,0,0,0,0,0,14.8515
7992.97,40500,41300,41900,39900,39700,70000,600000,600000,600000,600000,1.056e+06,1.056e+06,,509693.158,,,,,,,,,,0,0,0,0,0,14
8992.83,40500,41300,41500,39900,39900,70000,600000,600000,600000,600000,1.056e+06,1.056e+06,,509698.605,,,,,,,,,,0.990099,0,0,0,0,13.2653
9993.46,40500,41700,41900,40300,40300,70000,600000,600000,600000,600000,1.056e+06,1.056e+06,,509704.106,,,,,,,,,,0,0,1,0,0,13.8614
