# Started at: 2022-04-12 15:38:15 +0000, Version: v0.1-177-gf3f14d1, Generated by: thermobench --verbose --fan-cmd=fan --fan-on=0 --time=10 --wait=50 --wait-timeout=60 --sensors_file=/root/thermobench/src/sensors.imx8 --cpu-usage --column=CPU0_work_done --column=CPU1_work_done --column=CPU2_work_done --column=CPU3_work_done --column=CPU4_work_done --column=CPU5_work_done --output=/root/JSA/power_experiment/measurements/imx8a/all//inst_0763.json.yaml.csv -- demos-sched -p per_process -c /root/JSA/power_experiment/demos_configurations/imx8a/all//inst_0763.json.yaml
time/ms,CPU_0_temp/m°C,CPU_1_temp/m°C,GPU_0_temp/m°C,GPU_1_temp/m°C,DRC_temp/m°C,PMIC_temp/m°C,Cortex_A53_0_freq/Hz,Cortex_A53_1_freq/Hz,Cortex_A53_2_freq/Hz,Cortex_A53_3_freq/Hz,Cortex_A72_0_freq/Hz,Cortex_A72_1_freq/Hz,ambient,energy,cam_cpu,cam_mem,heat_sources,CPU0_work_done,CPU1_work_done,CPU2_work_done,CPU3_work_done,CPU4_work_done,CPU5_work_done,CPU0_load/%,CPU1_load/%,CPU2_load/%,CPU3_load/%,CPU4_load/%,CPU5_load/%
1.09428,43400,44400,44800,43000,42600,70000,896000,896000,896000,896000,1.056e+06,1.056e+06,,,,,,,,,,,,0,0,0,0,0,0
993.752,43200,44400,44600,43000,42600,70000,896000,896000,896000,896000,1.596e+06,1.596e+06,28.708,551128.330,,,,,,,,,,5.10204,0,5,47.4747,2,2.0202
1500.24,,,,,,,,,,,,,,,,,,,,,0,,,,,,,,
1993.9,43200,44400,44600,42600,42600,70000,896000,896000,896000,896000,1.596e+06,1.596e+06,,551134.350,,,,,,,,,,0,1,0,46.4646,0,0
2994.05,43000,44000,44200,42600,42500,70000,896000,896000,896000,896000,1.596e+06,1.596e+06,,551140.383,,,,,,,,,,2,0,0,46,0,0
3994.09,43000,44200,44600,42600,42500,70000,896000,896000,896000,896000,1.596e+06,1.596e+06,,551146.426,,,,,,,,,,1,0.990099,0,46.4646,0,0
4993.65,43200,44000,44200,42300,42300,70000,896000,896000,896000,896000,1.596e+06,1.596e+06,,551152.463,,,,,,,,,,0,0,0,46,0,0
5994.04,43000,44200,44200,42600,42500,70000,896000,896000,896000,896000,1.596e+06,1.596e+06,,551158.528,,,,,,,,,,0,0,0,47,0,0
6993.41,43200,44400,44600,42600,42600,70000,896000,896000,896000,896000,1.596e+06,1.596e+06,,551164.505,,,,,,,,,,0.990099,0,0,47,0,0
7993.62,43400,44400,45000,43000,42600,70000,896000,896000,896000,896000,1.596e+06,1.596e+06,,551170.494,,,,,,,,,,0,0,0,46,0,0
8994.15,43400,44400,44600,43000,42600,70000,896000,896000,896000,896000,1.596e+06,1.596e+06,,551176.543,,,,,,,,,,0,0,0,47,0,0
9993.24,43400,44600,44600,43000,42600,70000,896000,896000,896000,896000,1.596e+06,1.596e+06,,551182.536,,,,,,,,,,0,0,0,46.4646,0,0
