# Started at: 2022-04-12 13:03:02 +0000, Version: v0.1-177-gf3f14d1, Generated by: thermobench --verbose --fan-cmd=fan --fan-on=0 --time=10 --wait=50 --wait-timeout=60 --sensors_file=/root/thermobench/src/sensors.imx8 --cpu-usage --column=CPU0_work_done --column=CPU1_work_done --column=CPU2_work_done --column=CPU3_work_done --column=CPU4_work_done --column=CPU5_work_done --output=/root/JSA/power_experiment/measurements/imx8a/all//inst_0035.json.yaml.csv -- demos-sched -p per_process -c /root/JSA/power_experiment/demos_configurations/imx8a/all//inst_0035.json.yaml
time/ms,CPU_0_temp/m°C,CPU_1_temp/m°C,GPU_0_temp/m°C,GPU_1_temp/m°C,DRC_temp/m°C,PMIC_temp/m°C,Cortex_A53_0_freq/Hz,Cortex_A53_1_freq/Hz,Cortex_A53_2_freq/Hz,Cortex_A53_3_freq/Hz,Cortex_A72_0_freq/Hz,Cortex_A72_1_freq/Hz,ambient,energy,cam_cpu,cam_mem,heat_sources,CPU0_work_done,CPU1_work_done,CPU2_work_done,CPU3_work_done,CPU4_work_done,CPU5_work_done,CPU0_load/%,CPU1_load/%,CPU2_load/%,CPU3_load/%,CPU4_load/%,CPU5_load/%
1.10715,40100,40900,41100,39500,39500,70000,896000,896000,896000,896000,600000,600000,,,,,,,,,,,,0,0,0,0,0,0
992.811,39900,40900,41100,39500,39500,70000,600000,600000,600000,600000,600000,600000,28.129,494192.333,,,,,,,,,,4.0404,10,0,0,2.04082,4.0404
1992.34,39700,40500,40700,39100,38900,70000,600000,600000,600000,600000,600000,600000,,494197.613,,,,,,,,,,0,0,0,0,5,0
2992.72,39500,40500,40500,38900,39100,70000,600000,600000,600000,600000,600000,600000,,494202.855,,,,,,,,,,0,0,0,1.96078,5.88235,0
3992.2,39500,40100,40700,38900,38900,70000,600000,600000,600000,600000,600000,600000,,494208.143,,,,,,,,,,0.990099,0,0,0,4.0404,0
4992.83,39500,40500,40500,38700,39100,70000,600000,600000,600000,600000,600000,600000,,494213.406,,,,,,,,,,0,0,0,0,5,0
5992.74,39500,40300,40700,38900,39100,70000,600000,600000,600000,600000,600000,600000,,494218.704,,,,,,,,,,1.96078,0,0,0,5,0
6992.31,39300,40300,40700,39100,39100,70000,600000,600000,600000,600000,600000,600000,,494223.960,,,,,,,,,,0,0,0,0,5.94059,0
7992.62,39500,40500,40700,39100,38900,70000,600000,600000,600000,600000,600000,600000,,494229.285,,,,,,,,,,0,0,0,0,4.0404,0
8992.65,39700,40500,40900,39100,39100,70000,600000,600000,600000,600000,600000,600000,,494234.583,,,,,,,,,,0.990099,0,0,0,5.94059,0
9992.3,39700,40500,40700,39300,39100,70000,600000,600000,600000,600000,600000,600000,,494239.818,,,,,,,,,,0,0,0,0,5,0
