# Started at: 2022-04-12 16:12:24 +0000, Version: v0.1-177-gf3f14d1, Generated by: thermobench --verbose --fan-cmd=fan --fan-on=0 --time=10 --wait=50 --wait-timeout=60 --sensors_file=/root/thermobench/src/sensors.imx8 --cpu-usage --column=CPU0_work_done --column=CPU1_work_done --column=CPU2_work_done --column=CPU3_work_done --column=CPU4_work_done --column=CPU5_work_done --output=/root/JSA/power_experiment/measurements/imx8a/all//inst_0925.json.yaml.csv -- demos-sched -p per_process -c /root/JSA/power_experiment/demos_configurations/imx8a/all//inst_0925.json.yaml
time/ms,CPU_0_temp/m°C,CPU_1_temp/m°C,GPU_0_temp/m°C,GPU_1_temp/m°C,DRC_temp/m°C,PMIC_temp/m°C,Cortex_A53_0_freq/Hz,Cortex_A53_1_freq/Hz,Cortex_A53_2_freq/Hz,Cortex_A53_3_freq/Hz,Cortex_A72_0_freq/Hz,Cortex_A72_1_freq/Hz,ambient,energy,cam_cpu,cam_mem,heat_sources,CPU0_work_done,CPU1_work_done,CPU2_work_done,CPU3_work_done,CPU4_work_done,CPU5_work_done,CPU0_load/%,CPU1_load/%,CPU2_load/%,CPU3_load/%,CPU4_load/%,CPU5_load/%
1.12315,41500,42600,42800,41300,40900,70000,600000,600000,600000,600000,600000,600000,,,,,,,,,,,,0,0,0,33.3333,0,0
992.639,41500,42100,42500,40700,40700,70000,600000,600000,600000,600000,600000,600000,26.574,563753.615,,,,,,,,,,2.0202,1.0101,1.02041,11,6.06061,16.1616
1176.25,,,,,,,,,,,,,,,,,,,,,,,0,,,,,,
1991.91,41100,42100,42300,40700,40500,70000,600000,600000,600000,600000,600000,600000,,563759.069,,,,,,,,,,0,0,0,0,0,19
2992.9,41100,41900,42300,40700,40300,70000,600000,600000,600000,600000,600000,600000,,563764.484,,,,,,,,,,0,0,0,0,0,18
3992.37,40900,42100,42100,40700,40300,70000,600000,600000,600000,600000,600000,600000,,563769.925,,,,,,,,,,0.990099,0.990099,0,0,0,18.8119
4992.69,40700,41700,42300,40500,40300,70000,600000,600000,600000,600000,600000,600000,,563775.383,,,,,,,,,,0,0.990099,0,0,0,17.8218
5992,40900,41900,41900,40500,40300,70000,600000,600000,600000,600000,600000,600000,,563780.801,,,,,,,,,,0,0,0,0,0,18
6992.89,40700,41700,41900,40300,40300,70000,600000,600000,600000,600000,600000,600000,,563786.264,,,,,,,,,,0,0.990099,0,0,0,18
7992.35,40900,42100,42100,40500,40300,70000,600000,600000,600000,600000,600000,600000,,563791.676,,,,,,,,,,0,0,0,0,0,18
8992.41,41300,42100,42100,40700,40300,70000,600000,600000,600000,600000,600000,600000,,563797.135,,,,,,,,,,0,0,0,0,0,18
9992.38,40700,41700,42100,40500,40500,70000,600000,600000,600000,600000,600000,600000,,563802.586,,,,,,,,,,0,0.990099,0,0,0,18
