# Started at: 2022-04-12 12:58:24 +0000, Version: v0.1-177-gf3f14d1, Generated by: thermobench --verbose --fan-cmd=fan --fan-on=0 --time=10 --wait=50 --wait-timeout=60 --sensors_file=/root/thermobench/src/sensors.imx8 --cpu-usage --column=CPU0_work_done --column=CPU1_work_done --column=CPU2_work_done --column=CPU3_work_done --column=CPU4_work_done --column=CPU5_work_done --output=/root/JSA/power_experiment/measurements/imx8a/all//inst_0013.json.yaml.csv -- demos-sched -p per_process -c /root/JSA/power_experiment/demos_configurations/imx8a/all//inst_0013.json.yaml
time/ms,CPU_0_temp/m°C,CPU_1_temp/m°C,GPU_0_temp/m°C,GPU_1_temp/m°C,DRC_temp/m°C,PMIC_temp/m°C,Cortex_A53_0_freq/Hz,Cortex_A53_1_freq/Hz,Cortex_A53_2_freq/Hz,Cortex_A53_3_freq/Hz,Cortex_A72_0_freq/Hz,Cortex_A72_1_freq/Hz,ambient,energy,cam_cpu,cam_mem,heat_sources,CPU0_work_done,CPU1_work_done,CPU2_work_done,CPU3_work_done,CPU4_work_done,CPU5_work_done,CPU0_load/%,CPU1_load/%,CPU2_load/%,CPU3_load/%,CPU4_load/%,CPU5_load/%
1.14066,38700,39700,39900,38300,38300,70000,600000,600000,600000,600000,600000,600000,,,,,,,,,,,,0,0,0,0,0,0
992.723,38500,39300,39700,38100,38100,70000,600000,600000,600000,600000,1.056e+06,1.056e+06,27.7,492516.066,,,,,,,,,,2,3.9604,10.101,0,5.94059,4.0404
1992.89,38300,39300,39500,37500,37900,70000,600000,600000,600000,600000,1.056e+06,1.056e+06,,492521.369,,,,,,,,,,0,3.0303,0,0,0,4
2148.21,,,,,,,,,,,,,,,,,,,,,,,0,,,,,,
2993.02,38900,39700,39500,37900,37900,70000,600000,600000,600000,600000,1.056e+06,1.056e+06,,492526.714,,,,,,,,,,0,3.9604,0,0,0,4
3992.93,38300,39300,39500,37900,37900,70000,600000,600000,600000,600000,1.056e+06,1.056e+06,,492531.978,,,,,,,,,,0,3,0,0,0.990099,4.0404
4992.71,38500,39300,39500,37900,38300,70000,600000,600000,600000,600000,1.056e+06,1.056e+06,,492537.319,,,,,,,,,,0,4,0,0,0,4.9505
5993.15,38300,39300,39500,37900,37900,70000,600000,600000,600000,600000,1.056e+06,1.056e+06,,492542.598,,,,,,,,,,0.990099,4.90196,0,0,0,5
6992.75,38300,39500,39500,38100,38300,70000,600000,600000,600000,600000,1.056e+06,1.056e+06,,492547.918,,,,,,,,,,0.990099,3,0,0,0,4
7993.12,38500,39300,39700,38100,38100,70000,600000,600000,600000,600000,1.056e+06,1.056e+06,,492553.251,,,,,,,,,,0,4,0,0,0,4
8993.34,38500,39700,39500,37900,38100,70000,600000,600000,600000,600000,1.056e+06,1.056e+06,,492558.525,,,,,,,,,,0,3.9604,0,0,0,5
9992.85,38500,39700,39700,38300,38300,70000,600000,600000,600000,600000,1.056e+06,1.056e+06,,492563.857,,,,,,,,,,0,3.0303,0,0,0,4
