# Started at: 2022-04-12 14:31:03 +0000, Version: v0.1-177-gf3f14d1, Generated by: thermobench --verbose --fan-cmd=fan --fan-on=0 --time=10 --wait=50 --wait-timeout=60 --sensors_file=/root/thermobench/src/sensors.imx8 --cpu-usage --column=CPU0_work_done --column=CPU1_work_done --column=CPU2_work_done --column=CPU3_work_done --column=CPU4_work_done --column=CPU5_work_done --output=/root/JSA/power_experiment/measurements/imx8a/all//inst_0455.json.yaml.csv -- demos-sched -p per_process -c /root/JSA/power_experiment/demos_configurations/imx8a/all//inst_0455.json.yaml
time/ms,CPU_0_temp/m°C,CPU_1_temp/m°C,GPU_0_temp/m°C,GPU_1_temp/m°C,DRC_temp/m°C,PMIC_temp/m°C,Cortex_A53_0_freq/Hz,Cortex_A53_1_freq/Hz,Cortex_A53_2_freq/Hz,Cortex_A53_3_freq/Hz,Cortex_A72_0_freq/Hz,Cortex_A72_1_freq/Hz,ambient,energy,cam_cpu,cam_mem,heat_sources,CPU0_work_done,CPU1_work_done,CPU2_work_done,CPU3_work_done,CPU4_work_done,CPU5_work_done,CPU0_load/%,CPU1_load/%,CPU2_load/%,CPU3_load/%,CPU4_load/%,CPU5_load/%
1.11078,42600,43200,43800,42100,41900,70000,896000,896000,896000,896000,1.056e+06,1.056e+06,,,,,,,,,,,,33.3333,0,0,0,0,0
429.513,,,,,,,,,,,,,,,,,,,,,,0,,,,,,,
994.053,42500,43600,43600,41900,41900,70000,896000,896000,896000,896000,1.596e+06,1.596e+06,27.657,526350.459,,,,,,,,,,0,3.0303,6,7.07071,30.6931,2
1994.6,42100,43400,43400,41500,41500,70000,896000,896000,896000,896000,1.596e+06,1.596e+06,,526356.603,,,,,,,,,,0,0,0,0,32.6733,0
2994.19,42100,43200,43400,41500,41500,70000,896000,896000,896000,896000,1.596e+06,1.596e+06,,526362.761,,,,,,,,,,0,0,0,0,32.6733,0
3994.75,42500,43400,43400,41500,41700,70000,896000,896000,896000,896000,1.596e+06,1.596e+06,,526368.844,,,,,,,,,,0,0,0,0,33,0
4994.11,42300,43200,43400,41900,41700,70000,896000,896000,896000,896000,1.596e+06,1.596e+06,,526374.987,,,,,,,,,,0,0,0,0,32,0
5993.75,42500,43200,43400,41900,41700,70000,896000,896000,896000,896000,1.596e+06,1.596e+06,,526381.066,,,,,,,,,,0.990099,0,0,0,32.6733,0
6994.56,42500,43400,43400,41700,41500,70000,896000,896000,896000,896000,1.596e+06,1.596e+06,,526387.254,,,,,,,,,,0,0,0,0,32,0
7993.77,42500,43200,43800,41900,41900,70000,896000,896000,896000,896000,1.596e+06,1.596e+06,,526393.351,,,,,,,,,,0,0,0,0,32.3232,0
8993.98,42600,43200,43400,41900,41900,70000,896000,896000,896000,896000,1.596e+06,1.596e+06,,526399.503,,,,,,,,,,0,0,0,0.990099,33.3333,0
9994.59,42600,43600,43800,41900,41900,70000,896000,896000,896000,896000,1.596e+06,1.596e+06,,526405.593,,,,,,,,,,0,0,0,0,32,0
