# Started at: 2022-04-12 14:33:47 +0000, Version: v0.1-177-gf3f14d1, Generated by: thermobench --verbose --fan-cmd=fan --fan-on=0 --time=10 --wait=50 --wait-timeout=60 --sensors_file=/root/thermobench/src/sensors.imx8 --cpu-usage --column=CPU0_work_done --column=CPU1_work_done --column=CPU2_work_done --column=CPU3_work_done --column=CPU4_work_done --column=CPU5_work_done --output=/root/JSA/power_experiment/measurements/imx8a/all//inst_0468.json.yaml.csv -- demos-sched -p per_process -c /root/JSA/power_experiment/demos_configurations/imx8a/all//inst_0468.json.yaml
time/ms,CPU_0_temp/m°C,CPU_1_temp/m°C,GPU_0_temp/m°C,GPU_1_temp/m°C,DRC_temp/m°C,PMIC_temp/m°C,Cortex_A53_0_freq/Hz,Cortex_A53_1_freq/Hz,Cortex_A53_2_freq/Hz,Cortex_A53_3_freq/Hz,Cortex_A72_0_freq/Hz,Cortex_A72_1_freq/Hz,ambient,energy,cam_cpu,cam_mem,heat_sources,CPU0_work_done,CPU1_work_done,CPU2_work_done,CPU3_work_done,CPU4_work_done,CPU5_work_done,CPU0_load/%,CPU1_load/%,CPU2_load/%,CPU3_load/%,CPU4_load/%,CPU5_load/%
1.09378,42800,43600,43800,42100,42100,70000,896000,896000,896000,896000,1.056e+06,1.056e+06,,,,,,,,,,,,0,0,0,0,0,0
157.208,,,,,,,,,,,,,,,,,,0,,,,,,,,,,,
994.247,42800,43600,43800,42300,42100,70000,600000,600000,600000,600000,600000,600000,27.721,527374.311,,,,,,,,,,87.8788,10.101,0,8.08081,1.02041,2.0202
1994.07,42800,43400,43800,42300,42300,70000,600000,600000,600000,600000,600000,600000,,527380.362,,,,,,,,,,89,0,0.990099,0,0,0
2993.81,42500,43200,43800,42100,41900,70000,600000,600000,600000,600000,600000,600000,,527386.346,,,,,,,,,,89,1,0,0,0,0
3993.91,42600,43200,43800,41900,41900,70000,600000,600000,600000,600000,600000,600000,,527392.389,,,,,,,,,,89,0,1.96078,0,0,0
4993.7,42600,43200,43800,42300,41900,70000,600000,600000,600000,600000,600000,600000,,527398.374,,,,,,,,,,89,0,0,0,0,0
5994.11,42500,43200,43800,41900,41900,70000,600000,600000,600000,600000,600000,600000,,527404.424,,,,,,,,,,89.2157,0,1.96078,0,0,0
6994.15,42800,43600,44000,42100,41900,70000,600000,600000,600000,600000,600000,600000,,527410.485,,,,,,,,,,89.899,0.990099,1,0,0,0
7993.37,42800,43800,43800,42300,42300,70000,600000,600000,600000,600000,600000,600000,,527416.473,,,,,,,,,,88.8889,0,0,0,0,0
8993.64,42600,43600,44200,42500,42100,70000,600000,600000,600000,600000,600000,600000,,527422.516,,,,,,,,,,89.1089,0,0,0,0,0
9993.6,42800,43600,44000,42300,41900,70000,600000,600000,600000,600000,600000,600000,,527428.498,,,,,,,,,,89,0,0.990099,0,0,0
