# Started at: 2022-04-12 16:11:59 +0000, Version: v0.1-177-gf3f14d1, Generated by: thermobench --verbose --fan-cmd=fan --fan-on=0 --time=10 --wait=50 --wait-timeout=60 --sensors_file=/root/thermobench/src/sensors.imx8 --cpu-usage --column=CPU0_work_done --column=CPU1_work_done --column=CPU2_work_done --column=CPU3_work_done --column=CPU4_work_done --column=CPU5_work_done --output=/root/JSA/power_experiment/measurements/imx8a/all//inst_0923.json.yaml.csv -- demos-sched -p per_process -c /root/JSA/power_experiment/demos_configurations/imx8a/all//inst_0923.json.yaml
time/ms,CPU_0_temp/m°C,CPU_1_temp/m°C,GPU_0_temp/m°C,GPU_1_temp/m°C,DRC_temp/m°C,PMIC_temp/m°C,Cortex_A53_0_freq/Hz,Cortex_A53_1_freq/Hz,Cortex_A53_2_freq/Hz,Cortex_A53_3_freq/Hz,Cortex_A72_0_freq/Hz,Cortex_A72_1_freq/Hz,ambient,energy,cam_cpu,cam_mem,heat_sources,CPU0_work_done,CPU1_work_done,CPU2_work_done,CPU3_work_done,CPU4_work_done,CPU5_work_done,CPU0_load/%,CPU1_load/%,CPU2_load/%,CPU3_load/%,CPU4_load/%,CPU5_load/%
1.1124,41500,42500,42600,41100,40900,70000,896000,896000,896000,896000,600000,600000,,,,,,,,,,,,0,0,0,50,0,0
994.599,41300,42300,42300,40900,40900,70000,896000,896000,896000,896000,1.056e+06,1.056e+06,26.606,563593.495,,,,,,,,,,6,1.0101,3,5.05051,2.0202,51
1994.34,41100,42100,42300,40700,40700,70000,896000,896000,896000,896000,1.056e+06,1.056e+06,,563599.504,,,,,,,,,,0,0,0,0,0,52
2994.8,41300,42100,42300,40700,40700,70000,896000,896000,896000,896000,1.056e+06,1.056e+06,,563605.524,,,,,,,,,,0,0.990099,0,0,0,50
3210.54,,,,,,,,,,,,,,,,,,,,,,,0,,,,,,
3995.36,41100,41900,42300,40700,40300,70000,896000,896000,896000,896000,1.056e+06,1.056e+06,,563611.595,,,,,,,,,,0,0,0,0,0,51
4995.12,41300,42100,42300,40500,40500,70000,896000,896000,896000,896000,1.056e+06,1.056e+06,,563617.605,,,,,,,,,,0,0.990099,0,0,0,50.5051
5995.21,41300,42300,42600,40700,40700,70000,896000,896000,896000,896000,1.056e+06,1.056e+06,,563623.660,,,,,,,,,,0.990099,0.990099,0,0,0,51.9608
6995.11,41300,42300,42600,40700,40700,70000,896000,896000,896000,896000,1.056e+06,1.056e+06,,563629.692,,,,,,,,,,0,0,0,0,2,51.5152
7994.81,41300,42100,42500,40700,40900,70000,896000,896000,896000,896000,1.056e+06,1.056e+06,,563635.756,,,,,,,,,,1,0,0,0,0,51
8994.31,41300,42100,42600,40700,40700,70000,896000,896000,896000,896000,1.056e+06,1.056e+06,,563641.829,,,,,,,,,,0,0,0,0,0,50.5051
9995.07,41700,42500,42600,41300,40900,70000,896000,896000,896000,896000,1.056e+06,1.056e+06,,563647.836,,,,,,,,,,0,0,0,0,0,51.9608
