# Started at: 2022-04-12 14:20:30 +0000, Version: v0.1-177-gf3f14d1, Generated by: thermobench --verbose --fan-cmd=fan --fan-on=0 --time=10 --wait=50 --wait-timeout=60 --sensors_file=/root/thermobench/src/sensors.imx8 --cpu-usage --column=CPU0_work_done --column=CPU1_work_done --column=CPU2_work_done --column=CPU3_work_done --column=CPU4_work_done --column=CPU5_work_done --output=/root/JSA/power_experiment/measurements/imx8a/all//inst_0405.json.yaml.csv -- demos-sched -p per_process -c /root/JSA/power_experiment/demos_configurations/imx8a/all//inst_0405.json.yaml
time/ms,CPU_0_temp/m°C,CPU_1_temp/m°C,GPU_0_temp/m°C,GPU_1_temp/m°C,DRC_temp/m°C,PMIC_temp/m°C,Cortex_A53_0_freq/Hz,Cortex_A53_1_freq/Hz,Cortex_A53_2_freq/Hz,Cortex_A53_3_freq/Hz,Cortex_A72_0_freq/Hz,Cortex_A72_1_freq/Hz,ambient,energy,cam_cpu,cam_mem,heat_sources,CPU0_work_done,CPU1_work_done,CPU2_work_done,CPU3_work_done,CPU4_work_done,CPU5_work_done,CPU0_load/%,CPU1_load/%,CPU2_load/%,CPU3_load/%,CPU4_load/%,CPU5_load/%
1.14553,42300,43200,43400,41700,41500,70000,600000,600000,600000,600000,1.056e+06,1.056e+06,,,,,,,,,,,,50,0,0,0,0,0
993.768,42500,43200,43400,41500,41500,70000,600000,600000,600000,600000,600000,600000,27.496,522499.958,,,,,,,,,,3.0303,60.2041,9.18367,84,4.9505,1
1994.27,42300,43000,43400,41900,41900,70000,600000,600000,600000,600000,600000,600000,,522506.402,,,,,,,,,,1,59.4059,1,83.6735,0,0
2993.77,42300,43000,43400,41700,41900,70000,600000,600000,600000,600000,600000,600000,,522512.762,,,,,,,,,,0,60.396,0,84.1584,0,0
3993.79,42300,43000,43400,41900,41500,70000,600000,600000,600000,600000,600000,600000,,522519.197,,,,,,,,,,0,59.596,0,84,0,0
4993.63,42100,42800,43400,41500,41500,70000,600000,600000,600000,600000,600000,600000,,522525.626,,,,,,,,,,2.94118,60,0,83,0,0
5852.48,,,,,,,,,,,,,,,,,,,,,0,,,,,,,,
5993.79,42100,43200,43400,41900,41500,70000,600000,600000,600000,600000,600000,600000,,522531.992,,,,,,,,,,1,59.596,0,84.1584,0,0
6993.67,42300,43000,43200,41500,41500,70000,600000,600000,600000,600000,600000,600000,,522538.467,,,,,,,,,,1.9802,60.396,0,84,0,0
7993.6,42600,43600,43800,41900,41900,70000,600000,600000,600000,600000,600000,600000,,522544.941,,,,,,,,,,1,59.4059,0,84,0,0
8993.36,42600,43400,43800,42100,41900,70000,600000,600000,600000,600000,600000,600000,,522551.340,,,,,,,,,,0,59.596,0,84,0,0
9993.35,42500,43200,43600,41900,41900,70000,600000,600000,600000,600000,600000,600000,,522557.814,,,,,,,,,,1,59.596,0,83.8384,0,0
