# Started at: 2022-04-12 14:41:47 +0000, Version: v0.1-177-gf3f14d1, Generated by: thermobench --verbose --fan-cmd=fan --fan-on=0 --time=10 --wait=50 --wait-timeout=60 --sensors_file=/root/thermobench/src/sensors.imx8 --cpu-usage --column=CPU0_work_done --column=CPU1_work_done --column=CPU2_work_done --column=CPU3_work_done --column=CPU4_work_done --column=CPU5_work_done --output=/root/JSA/power_experiment/measurements/imx8a/all//inst_0506.json.yaml.csv -- demos-sched -p per_process -c /root/JSA/power_experiment/demos_configurations/imx8a/all//inst_0506.json.yaml
time/ms,CPU_0_temp/m°C,CPU_1_temp/m°C,GPU_0_temp/m°C,GPU_1_temp/m°C,DRC_temp/m°C,PMIC_temp/m°C,Cortex_A53_0_freq/Hz,Cortex_A53_1_freq/Hz,Cortex_A53_2_freq/Hz,Cortex_A53_3_freq/Hz,Cortex_A72_0_freq/Hz,Cortex_A72_1_freq/Hz,ambient,energy,cam_cpu,cam_mem,heat_sources,CPU0_work_done,CPU1_work_done,CPU2_work_done,CPU3_work_done,CPU4_work_done,CPU5_work_done,CPU0_load/%,CPU1_load/%,CPU2_load/%,CPU3_load/%,CPU4_load/%,CPU5_load/%
1.11903,41900,42600,43000,41100,41100,70000,896000,896000,896000,896000,600000,1.056e+06,,,,,,,,,,,,0,0,0,0,50,0
360.404,,,,,,,,,,,,,,,,,,,0,,,,,,,,,,
994.261,41500,42500,43000,40700,40900,70000,600000,600000,600000,600000,1.056e+06,1.056e+06,27.775,530303.459,,,,,,,,,,1.0101,31,9.09091,7,0,1.02041
1994,41500,42500,42800,40900,40700,70000,600000,600000,600000,600000,1.056e+06,1.056e+06,,530308.948,,,,,,,,,,0,31.3131,0.990099,0,0,0
2994.21,41500,42300,42600,40900,40700,70000,600000,600000,600000,600000,1.056e+06,1.056e+06,,530314.443,,,,,,,,,,0,32,0,0,0,0.990099
3993.52,41300,42500,42600,41100,41100,70000,600000,600000,600000,600000,1.056e+06,1.056e+06,,530319.974,,,,,,,,,,0,32.3232,0,0,0,0
4993.87,41500,42500,42600,41100,40700,70000,600000,600000,600000,600000,1.056e+06,1.056e+06,,530325.446,,,,,,,,,,0.990099,32,0,0,0,0
5994.03,41700,42500,42600,41100,40700,70000,600000,600000,600000,600000,1.056e+06,1.056e+06,,530330.974,,,,,,,,,,0,32,0,0,0,0
6994.07,41500,42500,42600,41100,40900,70000,600000,600000,600000,600000,1.056e+06,1.056e+06,,530336.498,,,,,,,,,,0,32,0,0,0,0
7994.45,41700,42500,42600,41100,40900,70000,600000,600000,600000,600000,1.056e+06,1.056e+06,,530342.033,,,,,,,,,,0,32.6733,0,0,0,0.990099
8994.29,41700,42600,43000,41300,41100,70000,600000,600000,600000,600000,1.056e+06,1.056e+06,,530347.500,,,,,,,,,,0,32,0,0,0,0.990099
9994.51,41500,42500,42800,40900,41100,70000,600000,600000,600000,600000,1.056e+06,1.056e+06,,530353.047,,,,,,,,,,0,31.3131,0,0,0,0
